-- phpMyAdmin SQL Dump
-- version 5.2.1
-- https://www.phpmyadmin.net/
--
-- Host: 127.0.0.1
-- Generation Time: Feb 06, 2024 at 03:57 AM
-- Server version: 10.4.28-MariaDB
-- PHP Version: 8.1.17

SET SQL_MODE = "NO_AUTO_VALUE_ON_ZERO";
START TRANSACTION;
SET time_zone = "+00:00";


/*!40101 SET @OLD_CHARACTER_SET_CLIENT=@@CHARACTER_SET_CLIENT */;
/*!40101 SET @OLD_CHARACTER_SET_RESULTS=@@CHARACTER_SET_RESULTS */;
/*!40101 SET @OLD_COLLATION_CONNECTION=@@COLLATION_CONNECTION */;
/*!40101 SET NAMES utf8mb4 */;

--
-- Database: `db_absen`
--

-- --------------------------------------------------------

--
-- Table structure for table `banks`
--

CREATE TABLE `banks` (
  `id` int(11) NOT NULL,
  `uuid` varchar(255) NOT NULL,
  `name` varchar(255) NOT NULL,
  `code` varchar(255) DEFAULT NULL,
  `isActive` tinyint(1) DEFAULT 1,
  `createdAt` datetime NOT NULL,
  `updatedAt` datetime NOT NULL
) ENGINE=InnoDB DEFAULT CHARSET=utf8mb4 COLLATE=utf8mb4_general_ci;

--
-- Dumping data for table `banks`
--

INSERT INTO `banks` (`id`, `uuid`, `name`, `code`, `isActive`, `createdAt`, `updatedAt`) VALUES
(2, '22846f86-e8d1-4849-a27d-a13868d53ccf', 'Mandiri', '1', 1, '2023-11-06 03:25:46', '2023-11-06 03:56:47');

-- --------------------------------------------------------

--
-- Table structure for table `contact_emergencies`
--

CREATE TABLE `contact_emergencies` (
  `id` int(11) NOT NULL,
  `uuid` varchar(255) NOT NULL,
  `name` varchar(255) NOT NULL,
  `code` varchar(255) DEFAULT NULL,
  `isActive` tinyint(1) DEFAULT 1,
  `createdAt` datetime NOT NULL,
  `updatedAt` datetime NOT NULL
) ENGINE=InnoDB DEFAULT CHARSET=utf8mb4 COLLATE=utf8mb4_general_ci;

--
-- Dumping data for table `contact_emergencies`
--

INSERT INTO `contact_emergencies` (`id`, `uuid`, `name`, `code`, `isActive`, `createdAt`, `updatedAt`) VALUES
(1, '1a39e60f-8802-4052-aa89-6af9735d17d0', 'Bapak', '1', 1, '2023-10-24 03:39:40', '2023-10-24 03:39:40');

-- --------------------------------------------------------

--
-- Table structure for table `ganders`
--

CREATE TABLE `ganders` (
  `id` int(11) NOT NULL,
  `uuid` varchar(255) NOT NULL,
  `name` varchar(255) NOT NULL,
  `code` varchar(255) DEFAULT NULL,
  `isActive` tinyint(1) DEFAULT 1,
  `createdAt` datetime NOT NULL,
  `updatedAt` datetime NOT NULL
) ENGINE=InnoDB DEFAULT CHARSET=utf8mb4 COLLATE=utf8mb4_general_ci;

--
-- Dumping data for table `ganders`
--

INSERT INTO `ganders` (`id`, `uuid`, `name`, `code`, `isActive`, `createdAt`, `updatedAt`) VALUES
(1, 'c733236a-1f8a-44b4-8dfc-57d6fa8dc14a', 'Laki-Laki', '1', 1, '2023-10-23 09:03:10', '2023-10-23 09:03:10'),
(2, 'cc182c84-1e79-4150-901a-6294579bb559', 'Perempuan', '2', 1, '2023-10-23 10:16:37', '2023-10-23 10:16:37');

-- --------------------------------------------------------

--
-- Table structure for table `golongan_darahs`
--

CREATE TABLE `golongan_darahs` (
  `id` int(11) NOT NULL,
  `uuid` varchar(255) NOT NULL,
  `name` varchar(255) NOT NULL,
  `code` varchar(255) DEFAULT NULL,
  `isActive` tinyint(1) DEFAULT 1,
  `createdAt` datetime NOT NULL,
  `updatedAt` datetime NOT NULL
) ENGINE=InnoDB DEFAULT CHARSET=utf8mb4 COLLATE=utf8mb4_general_ci;

--
-- Dumping data for table `golongan_darahs`
--

INSERT INTO `golongan_darahs` (`id`, `uuid`, `name`, `code`, `isActive`, `createdAt`, `updatedAt`) VALUES
(1, '34529428-c37d-44c1-9506-1ac49ee420ed', 'A', '1', 1, '2023-10-24 04:38:43', '2023-10-24 04:38:43');

-- --------------------------------------------------------

--
-- Table structure for table `groups`
--

CREATE TABLE `groups` (
  `id` int(11) NOT NULL,
  `uuid` varchar(255) NOT NULL,
  `name` varchar(255) NOT NULL,
  `code` varchar(255) DEFAULT NULL,
  `isActive` tinyint(1) DEFAULT 1,
  `createdAt` datetime NOT NULL,
  `updatedAt` datetime NOT NULL
) ENGINE=InnoDB DEFAULT CHARSET=utf8mb4 COLLATE=utf8mb4_general_ci;

--
-- Dumping data for table `groups`
--

INSERT INTO `groups` (`id`, `uuid`, `name`, `code`, `isActive`, `createdAt`, `updatedAt`) VALUES
(1, 'ef4017c1-91d0-463a-be9b-a5b8eba13b21', 'GS', '1', 1, '2023-10-24 05:19:24', '2023-11-06 08:16:36');

-- --------------------------------------------------------

--
-- Table structure for table `history_koreksis`
--

CREATE TABLE `history_koreksis` (
  `id` int(11) NOT NULL,
  `uuid` varchar(255) NOT NULL,
  `koreksiId` int(11) NOT NULL,
  `keterangan` text NOT NULL,
  `nameCreator` varchar(255) NOT NULL,
  `isActive` tinyint(1) DEFAULT 1,
  `createdAt` datetime NOT NULL,
  `updatedAt` datetime NOT NULL
) ENGINE=InnoDB DEFAULT CHARSET=utf8mb4 COLLATE=utf8mb4_general_ci;

-- --------------------------------------------------------

--
-- Table structure for table `in_outs`
--

CREATE TABLE `in_outs` (
  `id` int(11) NOT NULL,
  `uuid` varchar(255) NOT NULL,
  `userId` int(11) NOT NULL,
  `tanggalMulai` datetime NOT NULL,
  `tanggalSelesai` datetime NOT NULL,
  `tipeAbsenId` int(11) NOT NULL,
  `pelanggaranId` int(11) NOT NULL,
  `statusInoutId` int(11) NOT NULL,
  `isActive` tinyint(1) DEFAULT 1,
  `createdAt` datetime NOT NULL,
  `updatedAt` datetime NOT NULL
) ENGINE=InnoDB DEFAULT CHARSET=utf8mb4 COLLATE=utf8mb4_general_ci;

--
-- Dumping data for table `in_outs`
--

INSERT INTO `in_outs` (`id`, `uuid`, `userId`, `tanggalMulai`, `tanggalSelesai`, `tipeAbsenId`, `pelanggaranId`, `statusInoutId`, `isActive`, `createdAt`, `updatedAt`) VALUES
(15796, '13ad442e-95fb-408a-8cad-2744b1d8cb7c', 1, '2023-08-24 12:46:07', '2023-08-24 12:46:07', 3, 1, 1, 1, '2023-12-21 08:48:16', '2023-12-21 08:48:16'),
(15797, '2a097630-cf4c-41a1-8894-57449c911bbd', 1, '2023-08-25 00:46:02', '2023-08-25 00:46:02', 1, 1, 1, 1, '2023-12-21 08:48:16', '2023-12-21 08:48:16'),
(15798, '33f231d2-c19e-4f67-82df-bba046f233ab', 1, '2023-08-25 13:30:45', '2023-08-25 13:30:45', 3, 1, 1, 1, '2023-12-21 08:48:16', '2023-12-21 08:48:16'),
(15799, '1bb03adf-5ee2-4358-b137-accda81157cf', 1, '2023-08-28 00:16:01', '2023-08-28 00:16:01', 1, 1, 1, 1, '2023-12-21 08:48:16', '2023-12-21 08:48:16'),
(15800, '83315ff6-088c-4f5d-9398-0aad984d45ee', 1, '2023-08-29 00:28:06', '2023-08-29 00:28:06', 1, 1, 1, 1, '2023-12-21 08:48:16', '2023-12-21 08:48:16'),
(15801, 'cac0cc9b-2c8e-4cb9-9f91-138a2e538021', 1, '2023-08-29 11:57:36', '2023-08-29 11:57:36', 3, 1, 1, 1, '2023-12-21 08:48:16', '2023-12-21 08:48:16'),
(15802, '979cd5ea-f65d-426e-94ce-2bdfda02ed9f', 1, '2023-08-30 00:26:19', '2023-08-30 00:26:19', 1, 1, 1, 1, '2023-12-21 08:48:16', '2023-12-21 08:48:16'),
(15803, '2d3b76d0-cd68-499b-8dcf-06d689d100d5', 1, '2023-08-30 12:00:49', '2023-08-30 12:00:49', 3, 1, 1, 1, '2023-12-21 08:48:16', '2023-12-21 08:48:16'),
(15804, 'f087e040-9398-4020-9f35-d9842ee3a681', 1, '2023-08-28 13:10:25', '2023-08-28 13:10:25', 3, 1, 1, 1, '2023-12-21 08:48:16', '2023-12-21 08:48:16'),
(15805, '32d95e58-f40e-494f-b021-bf4f34598fe0', 1, '2023-08-31 00:09:08', '2023-08-31 00:09:08', 1, 1, 1, 1, '2023-12-21 08:48:16', '2023-12-21 08:48:16'),
(15806, '3d431f92-8723-4b39-baab-392d5a557ef0', 1, '2023-08-31 11:58:38', '2023-08-31 11:58:38', 3, 1, 1, 1, '2023-12-21 08:48:16', '2023-12-21 08:48:16'),
(15807, '1891a451-47e1-4282-b2cd-76bc3258174b', 1, '2023-09-01 00:37:09', '2023-09-01 00:37:09', 1, 1, 1, 1, '2023-12-21 08:48:16', '2023-12-21 08:48:16'),
(15808, 'a685926b-9001-4633-b75c-33f60b10a2cc', 1, '2023-09-01 11:27:43', '2023-09-01 11:27:43', 3, 1, 1, 1, '2023-12-21 08:48:16', '2023-12-21 08:48:16'),
(15809, '940db9af-2900-439b-aaf4-b516d600ef3b', 1, '2023-09-04 00:30:57', '2023-09-04 00:30:57', 1, 1, 1, 1, '2023-12-21 08:48:16', '2023-12-21 08:48:16'),
(15810, '52b20097-a904-4ec0-8a3d-c55444791e21', 1, '2023-09-04 12:31:54', '2023-09-04 12:31:54', 3, 1, 1, 1, '2023-12-21 08:48:16', '2023-12-21 08:48:16'),
(15811, '949a646c-bc74-4c45-ac87-34374734bd8f', 1, '2023-09-05 00:23:30', '2023-09-05 00:23:30', 1, 1, 1, 1, '2023-12-21 08:48:16', '2023-12-21 08:48:16'),
(15812, '6fb116d8-e1cd-4d3a-9bf1-37791344aadd', 1, '2023-09-05 12:23:47', '2023-09-05 12:23:47', 3, 1, 1, 1, '2023-12-21 08:48:16', '2023-12-21 08:48:16'),
(15813, '4067e079-81a5-4ef6-bc94-a93efa69f598', 1, '2023-09-06 00:27:39', '2023-09-06 00:27:39', 1, 1, 1, 1, '2023-12-21 08:48:16', '2023-12-21 08:48:16'),
(15814, 'f9fd627a-7cf7-4334-8459-d01443059889', 1, '2023-09-06 11:50:53', '2023-09-06 11:50:53', 3, 1, 1, 1, '2023-12-21 08:48:16', '2023-12-21 08:48:16'),
(15815, '5b1b68a9-b568-477d-af8b-8baddeea3371', 1, '2023-09-07 00:07:18', '2023-09-07 00:07:18', 1, 1, 1, 1, '2023-12-21 08:48:16', '2023-12-21 08:48:16'),
(15816, '707173b0-a72b-49e5-b552-3a6837a81605', 1, '2023-09-07 11:32:42', '2023-09-07 11:32:42', 3, 1, 1, 1, '2023-12-21 08:48:16', '2023-12-21 08:48:16'),
(15817, '52104ff7-8941-4e5e-bb9a-d5a7c8a148c0', 1, '2023-09-08 00:47:14', '2023-09-08 00:47:14', 1, 1, 1, 1, '2023-12-21 08:48:16', '2023-12-21 08:48:16'),
(15818, '17ca5b19-3744-4cec-972f-8ac39fdb8884', 1, '2023-09-08 11:41:24', '2023-09-08 11:41:24', 3, 1, 1, 1, '2023-12-21 08:48:16', '2023-12-21 08:48:16'),
(15819, '52f82ace-e455-45c2-b995-9a7e2a4862c6', 1, '2023-09-11 00:41:58', '2023-09-11 00:41:58', 1, 1, 1, 1, '2023-12-21 08:48:16', '2023-12-21 08:48:16'),
(15820, '4e5eec84-71e7-4388-9255-dbcaa1002c45', 1, '2023-09-11 12:05:00', '2023-09-11 12:05:00', 3, 1, 1, 1, '2023-12-21 08:48:16', '2023-12-21 08:48:16'),
(15821, '48b94156-4199-4c70-845e-88e95e97d96c', 1, '2023-09-12 00:01:06', '2023-09-12 00:01:06', 1, 1, 1, 1, '2023-12-21 08:48:16', '2023-12-21 08:48:16'),
(15822, '11705e23-35ef-447f-9aa7-e4c17e0cf9eb', 1, '2023-09-13 00:33:15', '2023-09-13 00:33:15', 1, 1, 1, 1, '2023-12-21 08:48:16', '2023-12-21 08:48:16'),
(15823, '2555c448-276f-4516-8e31-b9d06f704c69', 1, '2023-09-13 11:44:49', '2023-09-13 11:44:49', 3, 1, 1, 1, '2023-12-21 08:48:16', '2023-12-21 08:48:16'),
(15824, 'aeb391bf-d4ed-4392-b765-95c9ce301d88', 1, '2023-09-14 00:26:46', '2023-09-14 00:26:46', 1, 1, 1, 1, '2023-12-21 08:48:16', '2023-12-21 08:48:16'),
(15825, '6c476701-3623-4561-abb4-448467c20fa8', 1, '2023-09-18 12:22:56', '2023-09-18 12:22:56', 3, 1, 1, 1, '2023-12-21 08:48:16', '2023-12-21 08:48:16'),
(15826, '9b2a16d2-d3a7-4b94-b9af-dd9a82977216', 1, '2023-09-19 00:14:39', '2023-09-19 00:14:39', 1, 1, 1, 1, '2023-12-21 08:48:16', '2023-12-21 08:48:16'),
(15827, '930dbbbe-ea45-4ed9-a9c0-7bf81f66bcef', 1, '2023-09-19 11:19:18', '2023-09-19 11:19:18', 3, 1, 1, 1, '2023-12-21 08:48:16', '2023-12-21 08:48:16'),
(15828, 'c7e0e762-d289-4db1-a8cd-d875c8791e86', 1, '2023-09-20 00:21:26', '2023-09-20 00:21:26', 1, 1, 1, 1, '2023-12-21 08:48:16', '2023-12-21 08:48:16'),
(15829, '89b1ca8d-107f-455f-8d04-4600e239e30b', 1, '2023-09-20 12:43:57', '2023-09-20 12:43:57', 3, 1, 1, 1, '2023-12-21 08:48:16', '2023-12-21 08:48:16'),
(15830, '6b0bb199-991c-4581-998b-c892ce092f76', 1, '2023-09-21 00:23:13', '2023-09-21 00:23:13', 1, 1, 1, 1, '2023-12-21 08:48:16', '2023-12-21 08:48:16'),
(15831, '32efb9aa-9537-4b80-9d2a-619f708e82e9', 1, '2023-09-21 12:55:49', '2023-09-21 12:55:49', 3, 1, 1, 1, '2023-12-21 08:48:16', '2023-12-21 08:48:16'),
(15832, '0c1887c9-15a4-4fbd-84e0-a8733d54af3f', 1, '2023-09-21 12:56:06', '2023-09-21 12:56:06', 3, 1, 1, 1, '2023-12-21 08:48:16', '2023-12-21 08:48:16'),
(15833, 'de16aa6d-0320-45aa-bf35-79fc9ee46208', 1, '2023-09-14 11:10:27', '2023-09-14 11:10:27', 3, 1, 1, 1, '2023-12-21 08:48:16', '2023-12-21 08:48:16'),
(15834, '045b0b96-154d-4e0f-9672-c7ad68faf0c4', 1, '2023-09-15 00:35:17', '2023-09-15 00:35:17', 1, 1, 1, 1, '2023-12-21 08:48:16', '2023-12-21 08:48:16'),
(15835, 'b68da5f1-db09-4e1c-97ff-a9bbc9189583', 1, '2023-09-15 12:16:38', '2023-09-15 12:16:38', 3, 1, 1, 1, '2023-12-21 08:48:16', '2023-12-21 08:48:16'),
(15836, '0e1f8bc0-69b9-477f-9b09-d20d49187d42', 1, '2023-09-18 00:06:14', '2023-09-18 00:06:14', 1, 1, 1, 1, '2023-12-21 08:48:16', '2023-12-21 08:48:16'),
(15837, 'c18d1c13-3884-43d6-8083-5f96a25e8808', 1, '2023-09-22 12:28:05', '2023-09-22 12:28:05', 3, 1, 1, 1, '2023-12-21 08:48:16', '2023-12-21 08:48:16'),
(15838, '10dc5cf1-3eec-4297-a410-586bb3e2fee2', 1, '2023-09-24 23:55:17', '2023-09-24 23:55:17', 1, 1, 1, 1, '2023-12-21 08:48:16', '2023-12-21 08:48:16'),
(15839, '15316011-314a-4bd5-8854-c571cc0b95d2', 1, '2023-09-26 00:26:04', '2023-09-26 00:26:04', 1, 1, 1, 1, '2023-12-21 08:48:16', '2023-12-21 08:48:16'),
(15840, '4baff8fa-2a89-431e-bf79-16a3acc29355', 1, '2023-09-26 12:12:00', '2023-09-26 12:12:00', 3, 1, 1, 1, '2023-12-21 08:48:16', '2023-12-21 08:48:16'),
(15841, 'f8145d39-0c93-4802-8227-b732d0e84622', 1, '2023-09-27 00:21:56', '2023-09-27 00:21:56', 1, 1, 1, 1, '2023-12-21 08:48:16', '2023-12-21 08:48:16'),
(15842, '61a37050-5c33-4f4c-b277-6d6d7e7e2b84', 1, '2023-09-27 12:05:39', '2023-09-27 12:05:39', 3, 1, 1, 1, '2023-12-21 08:48:16', '2023-12-21 08:48:16'),
(15843, '68edf779-bba7-4de7-abac-1c30cbe4a42c', 1, '2023-10-02 11:47:33', '2023-10-02 11:47:33', 3, 1, 1, 1, '2023-12-21 08:48:16', '2023-12-21 08:48:16'),
(15844, 'd2f0892a-381f-46c9-82a3-0c80f04696e4', 1, '2023-10-03 00:53:16', '2023-10-03 00:53:16', 1, 1, 1, 1, '2023-12-21 08:48:16', '2023-12-21 08:48:16'),
(15845, 'b7d6c90a-45f3-457e-a75b-477911b3a420', 1, '2023-10-03 13:57:47', '2023-10-03 13:57:47', 3, 1, 1, 1, '2023-12-21 08:48:16', '2023-12-21 08:48:16'),
(15846, 'baedba5f-7884-4cdf-83f1-e762e6d9cf4a', 1, '2023-10-04 10:31:29', '2023-10-04 10:31:29', 3, 1, 1, 1, '2023-12-21 08:48:16', '2023-12-21 08:48:16'),
(15847, 'bf3f4fe1-e7e8-4e43-896e-cd5cc961ebfb', 1, '2023-10-05 10:11:41', '2023-10-05 10:11:41', 3, 1, 1, 1, '2023-12-21 08:48:16', '2023-12-21 08:48:16'),
(15848, '71c0e510-04f0-4bca-ac0f-b5d209b985e2', 1, '2023-10-06 00:59:28', '2023-10-06 00:59:28', 1, 1, 1, 1, '2023-12-21 08:48:16', '2023-12-21 08:48:16'),
(15849, 'ddac648f-6612-4af0-b7d4-33b955a13d3a', 1, '2023-10-06 12:15:00', '2023-10-06 12:15:00', 3, 1, 1, 1, '2023-12-21 08:48:16', '2023-12-21 08:48:16'),
(15850, 'fceb3958-d93a-4f0c-a6ec-862088d79e36', 1, '2023-10-09 00:40:00', '2023-10-09 00:40:00', 1, 1, 1, 1, '2023-12-21 08:48:16', '2023-12-21 08:48:16'),
(15851, '1d25a6b0-db4f-4717-9563-9a38c7e8225b', 1, '2023-10-09 11:20:33', '2023-10-09 11:20:33', 3, 1, 1, 1, '2023-12-21 08:48:16', '2023-12-21 08:48:16'),
(15852, 'fdc69277-9566-401a-bcce-68320e8f5f96', 1, '2023-10-10 00:36:25', '2023-10-10 00:36:25', 1, 1, 1, 1, '2023-12-21 08:48:16', '2023-12-21 08:48:16'),
(15853, 'c48f4253-34a4-4b17-8cba-1bfd7f01ba04', 1, '2023-10-10 11:30:40', '2023-10-10 11:30:40', 3, 1, 1, 1, '2023-12-21 08:48:16', '2023-12-21 08:48:16'),
(15854, '90e5ac73-0fe5-4238-be24-925254bf2b6b', 1, '2023-10-11 00:25:39', '2023-10-11 00:25:39', 1, 1, 1, 1, '2023-12-21 08:48:16', '2023-12-21 08:48:16'),
(15855, '09e64dcb-b366-418f-80fb-7e53ed429eaa', 1, '2023-10-11 11:19:29', '2023-10-11 11:19:29', 3, 1, 1, 1, '2023-12-21 08:48:16', '2023-12-21 08:48:16'),
(15856, '8a2782ea-d2ec-4f3e-8879-00b1406642fa', 1, '2023-10-12 00:15:18', '2023-10-12 00:15:18', 1, 1, 1, 1, '2023-12-21 08:48:16', '2023-12-21 08:48:16'),
(15857, 'ce0af5cd-f0ac-4c3d-b98a-d6dd3c953dd8', 1, '2023-10-12 13:35:09', '2023-10-12 13:35:09', 3, 1, 1, 1, '2023-12-21 08:48:16', '2023-12-21 08:48:16'),
(15858, '861a4597-7099-4a92-b48f-383289810a33', 1, '2023-10-13 00:22:56', '2023-10-13 00:22:56', 1, 1, 1, 1, '2023-12-21 08:48:16', '2023-12-21 08:48:16'),
(15859, 'de45a520-4da6-4039-b9ec-a668f6c87749', 1, '2023-10-13 12:06:28', '2023-10-13 12:06:28', 3, 1, 1, 1, '2023-12-21 08:48:16', '2023-12-21 08:48:16'),
(15860, '0bceafeb-5ffb-4e49-90af-bfbdd4fc65fd', 1, '2023-10-16 00:15:05', '2023-10-16 00:15:05', 1, 1, 1, 1, '2023-12-21 08:48:16', '2023-12-21 08:48:16'),
(15861, '185a96d2-b9ac-4208-8015-4092d498be2a', 1, '2023-10-16 13:08:55', '2023-10-16 13:08:55', 3, 1, 1, 1, '2023-12-21 08:48:16', '2023-12-21 08:48:16'),
(15862, '5ed6a660-7f3d-4bf4-890a-e16cf5398f8b', 1, '2023-10-17 13:26:02', '2023-10-17 13:26:02', 3, 1, 1, 1, '2023-12-21 08:48:16', '2023-12-21 08:48:16'),
(15863, '38d6f0be-774f-4817-b991-45ec71f58098', 1, '2023-10-18 00:11:45', '2023-10-18 00:11:45', 1, 1, 1, 1, '2023-12-21 08:48:16', '2023-12-21 08:48:16'),
(15864, '7f08e2cf-708a-48bf-b89b-41dbde83b147', 1, '2023-10-18 12:03:38', '2023-10-18 12:03:38', 3, 1, 1, 1, '2023-12-21 08:48:16', '2023-12-21 08:48:16'),
(15865, '383f53e8-dfdd-410f-9a25-19dc6ee3fb34', 1, '2023-10-18 23:32:42', '2023-10-18 23:32:42', 1, 1, 1, 1, '2023-12-21 08:48:16', '2023-12-21 08:48:16'),
(15866, '7bbd2784-2ac7-4754-a604-9b340ce2e4cd', 1, '2023-10-19 10:00:56', '2023-10-19 10:00:56', 3, 1, 1, 1, '2023-12-21 08:48:16', '2023-12-21 08:48:16'),
(15867, '0fe81638-e282-435e-9d06-43014819175d', 1, '2023-10-23 00:22:48', '2023-10-23 00:22:48', 1, 1, 1, 1, '2023-12-21 08:48:16', '2023-12-21 08:48:16'),
(15868, '9e302f71-1c8b-43a4-9c1e-5073cca0d6b4', 1, '2023-10-23 12:28:39', '2023-10-23 12:28:39', 3, 1, 1, 1, '2023-12-21 08:48:16', '2023-12-21 08:48:16'),
(15869, 'dc9a93fb-c8a6-42fe-9c87-95453a827cc7', 1, '2023-10-24 00:17:04', '2023-10-24 00:17:04', 1, 1, 1, 1, '2023-12-21 08:48:16', '2023-12-21 08:48:16'),
(15870, '58d21ac5-e00a-4f7a-b3c8-cb620aaf738c', 1, '2023-10-24 12:36:46', '2023-10-24 12:36:46', 3, 1, 1, 1, '2023-12-21 08:48:16', '2023-12-21 08:48:16'),
(15871, 'a05c1d73-f123-4404-9d7e-a34ef6a05741', 1, '2023-10-25 00:16:10', '2023-10-25 00:16:10', 1, 1, 1, 1, '2023-12-21 08:48:16', '2023-12-21 08:48:16'),
(15872, '428640f7-38d9-4a61-a0e8-11d5ed090156', 1, '2023-10-25 12:04:11', '2023-10-25 12:04:11', 3, 1, 1, 1, '2023-12-21 08:48:16', '2023-12-21 08:48:16'),
(15873, 'b4485131-8498-4832-8831-a7e437bb6be3', 1, '2023-10-26 00:29:39', '2023-10-26 00:29:39', 1, 1, 1, 1, '2023-12-21 08:48:16', '2023-12-21 08:48:16'),
(15874, '693f48b4-899c-46ea-a7ec-a42af2b3207d', 1, '2023-10-26 11:16:17', '2023-10-26 11:16:17', 3, 1, 1, 1, '2023-12-21 08:48:16', '2023-12-21 08:48:16'),
(15875, 'e279200a-4faa-4019-848b-d0f62d92a480', 1, '2023-10-27 00:14:48', '2023-10-27 00:14:48', 1, 1, 1, 1, '2023-12-21 08:48:16', '2023-12-21 08:48:16'),
(15876, 'd3c71f8b-c4cc-4bad-8e43-2cd7507a01ee', 1, '2023-10-27 12:23:07', '2023-10-27 12:23:07', 3, 1, 1, 1, '2023-12-21 08:48:16', '2023-12-21 08:48:16'),
(15877, 'd25e9e48-aede-4c12-8739-1b44375840d8', 1, '2023-10-30 00:21:49', '2023-10-30 00:21:49', 1, 1, 1, 1, '2023-12-21 08:48:16', '2023-12-21 08:48:16'),
(15878, '27373e12-9f21-47f5-8541-d4a8fa38967e', 1, '2023-10-30 12:02:35', '2023-10-30 12:02:35', 3, 1, 1, 1, '2023-12-21 08:48:16', '2023-12-21 08:48:16'),
(15879, '37bcf614-d6f2-448c-a88b-4cd27e023acc', 1, '2023-11-06 00:33:18', '2023-11-06 00:33:18', 1, 1, 1, 1, '2023-12-21 08:48:16', '2023-12-21 08:48:16'),
(15880, '730c7bb2-7e17-4831-8501-628fd76b1b15', 1, '2023-11-06 10:36:48', '2023-11-06 10:36:48', 3, 1, 1, 1, '2023-12-21 08:48:16', '2023-12-21 08:48:16'),
(15881, '00a81302-78f3-4a5f-af6c-3c72d55aecd0', 1, '2023-11-07 11:43:47', '2023-11-07 11:43:47', 3, 1, 1, 1, '2023-12-21 08:48:16', '2023-12-21 08:48:16'),
(15882, '38569f5d-4831-4bb1-a4ce-0ec6d25643cc', 1, '2023-11-08 00:32:37', '2023-11-08 00:32:37', 1, 1, 1, 1, '2023-12-21 08:48:16', '2023-12-21 08:48:16'),
(15883, '26d5fa08-f2a1-431e-b184-4fc94f090f2c', 1, '2023-11-08 11:30:31', '2023-11-08 11:30:31', 3, 1, 1, 1, '2023-12-21 08:48:16', '2023-12-21 08:48:16'),
(15884, '4556bf07-b21e-43bd-8ca7-a6775a4c1382', 1, '2023-11-09 00:35:37', '2023-11-09 00:35:37', 1, 1, 1, 1, '2023-12-21 08:48:16', '2023-12-21 08:48:16'),
(15885, '1af07dd4-9476-477d-83b2-630f4d853f70', 1, '2023-11-09 12:19:39', '2023-11-09 12:19:39', 3, 1, 1, 1, '2023-12-21 08:48:16', '2023-12-21 08:48:16'),
(15886, '18dc4ed7-d30f-4d3a-9bd7-bb8ef214fe2f', 1, '2023-11-10 00:48:06', '2023-11-10 00:48:06', 1, 1, 1, 1, '2023-12-21 08:48:16', '2023-12-21 08:48:16'),
(15887, 'a60407fe-d0c5-4645-8b09-246c94ff474f', 1, '2023-11-10 10:47:48', '2023-11-10 10:47:48', 3, 1, 1, 1, '2023-12-21 08:48:16', '2023-12-21 08:48:16'),
(15888, '14f96e1f-a515-432c-b113-bdd3d20d3cbb', 1, '2023-11-13 00:07:31', '2023-11-13 00:07:31', 1, 1, 1, 1, '2023-12-21 08:48:16', '2023-12-21 08:48:16'),
(15889, 'b631b04a-6032-4f89-a070-fc2c1582c7b0', 1, '2023-11-13 10:19:32', '2023-11-13 10:19:32', 3, 1, 1, 1, '2023-12-21 08:48:16', '2023-12-21 08:48:16'),
(15890, '19cffd6b-e03a-47df-8e78-e790f0aa82f0', 1, '2023-11-14 00:20:13', '2023-11-14 00:20:13', 1, 1, 1, 1, '2023-12-21 08:48:16', '2023-12-21 08:48:16'),
(15891, '90a40f59-c86e-4a83-adcd-9f4616f64384', 1, '2023-11-14 12:18:46', '2023-11-14 12:18:46', 3, 1, 1, 1, '2023-12-21 08:48:16', '2023-12-21 08:48:16'),
(15892, '6ffb6782-a497-49cc-a00e-91e205ed58f3', 1, '2023-11-15 11:17:22', '2023-11-15 11:17:22', 3, 1, 1, 1, '2023-12-21 08:48:16', '2023-12-21 08:48:16'),
(15893, '384cd9c9-eec4-4e7f-866d-3960287fe924', 1, '2023-11-15 23:42:18', '2023-11-15 23:42:18', 1, 1, 1, 1, '2023-12-21 08:48:16', '2023-12-21 08:48:16'),
(15894, '7388d172-8437-4967-943f-7e6b21f1c8d6', 1, '2023-11-16 10:37:47', '2023-11-16 10:37:47', 3, 1, 1, 1, '2023-12-21 08:48:16', '2023-12-21 08:48:16'),
(15895, 'c044b3d5-ddcc-427c-9e3f-a3ca85f6a10c', 1, '2023-11-17 00:24:30', '2023-11-17 00:24:30', 1, 1, 1, 1, '2023-12-21 08:48:16', '2023-12-21 08:48:16'),
(15896, '2e783fa8-6250-4718-88fd-4369c7c9b203', 1, '2023-11-17 10:18:59', '2023-11-17 10:18:59', 3, 1, 1, 1, '2023-12-21 08:48:16', '2023-12-21 08:48:16'),
(15897, '94917367-a8d4-4ba3-b3c1-f910d3273862', 1, '2023-11-20 11:34:21', '2023-11-20 11:34:21', 3, 1, 1, 1, '2023-12-21 08:48:16', '2023-12-21 08:48:16'),
(15898, 'c4c07576-9f70-4706-9d57-02d5d4b92485', 1, '2023-11-21 00:15:28', '2023-11-21 00:15:28', 1, 1, 1, 1, '2023-12-21 08:48:16', '2023-12-21 08:48:16'),
(15899, '65d22530-2185-46b4-95b4-443a4ce8c64f', 1, '2023-11-21 10:14:40', '2023-11-21 10:14:40', 3, 1, 1, 1, '2023-12-21 08:48:16', '2023-12-21 08:48:16'),
(15900, 'c7569d2b-0ded-4cf0-8df7-c4249bb018bd', 1, '2023-11-22 00:14:12', '2023-11-22 00:14:12', 1, 1, 1, 1, '2023-12-21 08:48:16', '2023-12-21 08:48:16'),
(15901, '89f8c93a-0f18-496d-8d94-05f398f0581e', 1, '2023-11-22 10:50:38', '2023-11-22 10:50:38', 3, 1, 1, 1, '2023-12-21 08:48:16', '2023-12-21 08:48:16'),
(15902, 'cb0d9554-e71a-41f4-ae18-4046f7edf659', 1, '2023-11-23 00:22:25', '2023-11-23 00:22:25', 1, 1, 3, 1, '2023-12-21 08:48:16', '2024-01-08 10:04:27'),
(15903, '99c06e8b-306a-4763-bc4d-f2838190e0a9', 1, '2023-11-23 13:32:33', '2023-11-23 13:32:33', 3, 1, 1, 1, '2023-12-21 08:48:16', '2023-12-21 08:48:16'),
(15904, '2ee1e6f1-98dd-41d7-b7d1-59d68dc234f9', 1, '2023-11-24 00:41:11', '2023-11-24 00:41:11', 1, 1, 1, 1, '2023-12-21 08:48:16', '2023-12-21 08:48:16'),
(15905, 'cfd01aad-445e-4662-be3b-59413e9c34ff', 1, '2023-11-24 10:12:53', '2023-11-24 10:12:53', 3, 1, 1, 1, '2023-12-21 08:48:16', '2023-12-21 08:48:16'),
(15906, 'cb63868e-137e-4e75-9188-3d7219d95642', 1, '2023-11-27 00:40:10', '2023-11-27 00:40:10', 1, 1, 1, 1, '2023-12-21 08:48:16', '2023-12-21 08:48:16'),
(15907, '5d6169b7-a66c-425d-9242-f18753efa529', 1, '2023-11-27 10:29:26', '2023-11-27 10:29:26', 3, 1, 1, 1, '2023-12-21 08:48:16', '2023-12-21 08:48:16'),
(15908, 'b864accc-4184-45dd-a667-f335f19ef0dc', 1, '2023-12-04 00:30:21', '2023-12-04 00:30:21', 1, 1, 1, 1, '2023-12-21 08:48:16', '2023-12-21 08:48:16'),
(15909, 'b5f413de-cccd-4117-badf-d0bd59f8dd19', 1, '2023-12-04 11:52:58', '2023-12-04 11:52:58', 3, 1, 1, 1, '2023-12-21 08:48:16', '2023-12-21 08:48:16'),
(15910, '69c5eca5-229b-41de-80f5-8d8493e3d247', 1, '2023-12-05 00:39:07', '2023-12-05 00:39:07', 1, 1, 1, 1, '2023-12-21 08:48:16', '2023-12-21 08:48:16'),
(15911, '5c60afa5-2245-4169-a1e0-accb5f48060b', 1, '2023-12-05 11:30:31', '2023-12-05 11:30:31', 3, 1, 1, 1, '2023-12-21 08:48:16', '2023-12-21 08:48:16'),
(15912, '60d459a0-2bb5-412f-8fc1-54512e742103', 1, '2023-12-06 00:26:43', '2023-12-06 00:26:43', 1, 1, 1, 1, '2023-12-21 08:48:16', '2023-12-21 08:48:16'),
(15913, '24939317-9fd2-4f8e-a90d-f93544d0ba6c', 1, '2023-12-06 10:34:08', '2023-12-06 10:34:08', 3, 1, 1, 1, '2023-12-21 08:48:16', '2023-12-21 08:48:16'),
(15914, '4989ab24-ea3f-4a4c-b59e-dad5e38ac182', 1, '2023-12-07 00:18:43', '2023-12-07 00:18:43', 1, 1, 1, 1, '2023-12-21 08:48:16', '2023-12-21 08:48:16'),
(15915, '4056fd1b-6d1a-4ce8-aa22-57c519a11fa9', 1, '2023-12-07 10:25:41', '2023-12-07 10:25:41', 3, 1, 1, 1, '2023-12-21 08:48:16', '2023-12-21 08:48:16'),
(15916, '22a78a16-d519-4ccc-9a66-6c23ee59ad48', 1, '2023-12-08 00:11:11', '2023-12-08 00:11:11', 1, 1, 1, 1, '2023-12-21 08:48:16', '2023-12-21 08:48:16'),
(15917, 'cb4a1d20-0066-48f5-92bb-b33d82d414d2', 1, '2023-12-12 01:01:50', '2023-12-12 01:01:50', 1, 1, 1, 1, '2023-12-21 08:48:16', '2023-12-21 08:48:16'),
(15918, 'dfce059c-4968-4d88-9805-38df88d5b831', 1, '2023-12-12 10:19:23', '2023-12-12 10:19:23', 3, 1, 1, 1, '2023-12-21 08:48:16', '2023-12-21 08:48:16'),
(15919, '56cd3f00-de43-4f5e-8f22-fb3593d3a2d8', 1, '2023-12-13 00:55:40', '2023-12-13 00:55:40', 1, 1, 3, 1, '2023-12-21 08:48:16', '2024-01-08 10:03:28'),
(15920, 'a31d7557-dec5-49a4-8686-553e069e0474', 1, '2023-12-13 10:29:01', '2023-12-13 10:29:01', 3, 1, 1, 1, '2023-12-21 08:48:16', '2023-12-21 08:48:16'),
(15921, '440b43f3-6398-40ca-a7e9-a0d95e1a11bd', 1, '2023-12-14 00:34:19', '2023-12-14 00:34:19', 1, 1, 1, 1, '2023-12-21 08:48:16', '2023-12-21 08:48:16'),
(15922, '5aa0ffbb-2796-4611-ae4b-ac475cd9f0b9', 1, '2023-12-14 10:17:33', '2023-12-14 10:17:33', 3, 1, 1, 1, '2023-12-21 08:48:16', '2023-12-21 08:48:16'),
(15923, '3cd3c52b-a03a-4a47-8340-1fe0362ad382', 1, '2023-12-15 00:21:39', '2023-12-15 00:21:39', 1, 1, 1, 1, '2023-12-21 08:48:16', '2023-12-21 08:48:16'),
(15924, '430c66ad-b738-43fb-96d6-047491a3fcdd', 1, '2023-12-15 11:41:59', '2023-12-15 11:41:59', 3, 1, 1, 1, '2023-12-21 08:48:16', '2023-12-21 08:48:16'),
(15925, '35ec63b3-febe-4938-8234-29b956bfc7bd', 1, '2023-12-18 00:21:56', '2023-12-18 00:21:56', 1, 1, 1, 1, '2023-12-21 08:48:16', '2023-12-21 08:48:16'),
(15926, 'f66c82ed-ed72-4b1b-b798-3fd1c40d8d31', 1, '2023-12-18 10:10:48', '2023-12-18 10:10:48', 3, 1, 1, 1, '2023-12-21 08:48:16', '2023-12-21 08:48:16'),
(15927, '93860279-4419-41d5-983c-10ec785202ab', 1, '2023-12-19 00:24:07', '2023-12-19 00:24:07', 1, 1, 1, 1, '2023-12-21 08:48:16', '2023-12-21 08:48:16'),
(15928, '4db718cd-11f2-405d-8698-37fbc2dbd6a6', 1, '2023-12-19 10:24:43', '2023-12-19 10:24:43', 3, 1, 1, 1, '2023-12-21 08:48:16', '2023-12-21 08:48:16'),
(15929, '4daab521-ace7-4412-8dde-37b531a67e00', 1, '2023-12-20 10:14:14', '2023-12-20 10:14:14', 3, 1, 3, 1, '2023-12-21 08:48:16', '2024-01-29 08:18:31');

-- --------------------------------------------------------

--
-- Table structure for table `jabatans`
--

CREATE TABLE `jabatans` (
  `id` int(11) NOT NULL,
  `uuid` varchar(255) NOT NULL,
  `name` varchar(255) NOT NULL,
  `code` varchar(255) DEFAULT NULL,
  `isActive` tinyint(1) DEFAULT 1,
  `createdAt` datetime NOT NULL,
  `updatedAt` datetime NOT NULL
) ENGINE=InnoDB DEFAULT CHARSET=utf8mb4 COLLATE=utf8mb4_general_ci;

--
-- Dumping data for table `jabatans`
--

INSERT INTO `jabatans` (`id`, `uuid`, `name`, `code`, `isActive`, `createdAt`, `updatedAt`) VALUES
(1, 'ad012b20-a817-4226-bd75-a994fcf16828', 'Junior Officer', '1', 1, '2023-10-24 04:55:41', '2023-10-31 04:06:10'),
(3, '9298cca3-0b73-4ebd-8d41-72bbe9c90001', 'Officer', '2', 1, '2023-10-31 04:38:19', '2023-10-31 04:38:19');

-- --------------------------------------------------------

--
-- Table structure for table `jam_operasionals`
--

CREATE TABLE `jam_operasionals` (
  `id` int(11) NOT NULL,
  `uuid` varchar(255) NOT NULL,
  `name` varchar(255) NOT NULL,
  `jamMasuk` time NOT NULL,
  `jamPulang` time NOT NULL,
  `keterangan` varchar(255) DEFAULT NULL,
  `code` varchar(255) DEFAULT NULL,
  `isActive` tinyint(1) DEFAULT 1,
  `createdAt` datetime NOT NULL,
  `updatedAt` datetime NOT NULL
) ENGINE=InnoDB DEFAULT CHARSET=utf8mb4 COLLATE=utf8mb4_general_ci;

--
-- Dumping data for table `jam_operasionals`
--

INSERT INTO `jam_operasionals` (`id`, `uuid`, `name`, `jamMasuk`, `jamPulang`, `keterangan`, `code`, `isActive`, `createdAt`, `updatedAt`) VALUES
(1, '8fbd7344-5980-4119-b147-23dea6d3229a', 'Officer', '08:00:00', '17:00:00', 'normal', '2', 1, '2023-10-24 05:12:19', '2023-11-08 06:19:41'),
(4, '4831c9e5-890c-4165-9495-3c683f25d6ec', 'Teknisi', '17:00:00', '05:00:00', 'shift 2', '2', 1, '2023-11-09 04:55:09', '2023-11-09 04:55:09');

-- --------------------------------------------------------

--
-- Table structure for table `koreksis`
--

CREATE TABLE `koreksis` (
  `id` int(11) NOT NULL,
  `uuid` varchar(255) NOT NULL,
  `userId` int(11) NOT NULL,
  `inOutId` int(11) NOT NULL,
  `keterangan` text NOT NULL,
  `statusKoreksiId` int(11) NOT NULL,
  `isActive` tinyint(1) DEFAULT 1,
  `createdAt` datetime NOT NULL,
  `updatedAt` datetime NOT NULL
) ENGINE=InnoDB DEFAULT CHARSET=utf8mb4 COLLATE=utf8mb4_general_ci;

--
-- Dumping data for table `koreksis`
--

INSERT INTO `koreksis` (`id`, `uuid`, `userId`, `inOutId`, `keterangan`, `statusKoreksiId`, `isActive`, `createdAt`, `updatedAt`) VALUES
(21, '4c5ddec1-e274-461b-b144-4a3cd0f9b80a', 1, 15919, 'test\n', 1, 1, '2024-01-08 10:03:28', '2024-01-08 10:03:28'),
(22, '668f9d7c-ba56-46e1-be44-b75c4461c06f', 1, 15902, 'test', 1, 1, '2024-01-08 10:04:27', '2024-01-08 10:04:27'),
(23, 'ff60f2bf-8f27-4a9f-bc71-e05e9a155aee', 1, 15929, 'test', 1, 1, '2024-01-29 08:18:31', '2024-01-29 08:18:31');

-- --------------------------------------------------------

--
-- Table structure for table `notifications`
--

CREATE TABLE `notifications` (
  `id` int(11) NOT NULL,
  `uuid` varchar(255) NOT NULL,
  `userId` int(11) NOT NULL,
  `keterangan` varchar(255) NOT NULL,
  `tipeNotificationId` int(11) NOT NULL,
  `isActive` tinyint(1) DEFAULT 1,
  `createdAt` datetime NOT NULL,
  `updatedAt` datetime NOT NULL
) ENGINE=InnoDB DEFAULT CHARSET=utf8mb4 COLLATE=utf8mb4_general_ci;

-- --------------------------------------------------------

--
-- Table structure for table `pelanggarans`
--

CREATE TABLE `pelanggarans` (
  `id` int(11) NOT NULL,
  `uuid` varchar(255) NOT NULL,
  `name` varchar(255) NOT NULL,
  `code` varchar(255) DEFAULT NULL,
  `isActive` tinyint(1) DEFAULT 1,
  `createdAt` datetime NOT NULL,
  `updatedAt` datetime NOT NULL
) ENGINE=InnoDB DEFAULT CHARSET=utf8mb4 COLLATE=utf8mb4_general_ci;

--
-- Dumping data for table `pelanggarans`
--

INSERT INTO `pelanggarans` (`id`, `uuid`, `name`, `code`, `isActive`, `createdAt`, `updatedAt`) VALUES
(1, '13dabc8d-cd92-41cd-9683-e1540ae1c4b7', 'normal', '1', 1, '2023-11-25 13:06:21', '2023-11-25 13:06:21'),
(2, '8f40d728-4028-4ec3-856e-634fb17ca284', 'melanggar', '2', 1, '2023-11-25 13:13:33', '2023-11-25 13:13:33');

-- --------------------------------------------------------

--
-- Table structure for table `pendapatans`
--

CREATE TABLE `pendapatans` (
  `id` int(11) NOT NULL,
  `uuid` varchar(255) NOT NULL,
  `tipePendapatanId` int(11) NOT NULL,
  `userId` int(11) NOT NULL,
  `pendapatanAtas` varchar(255) DEFAULT NULL,
  `periode` datetime DEFAULT NULL,
  `initialPeriode` varchar(255) DEFAULT NULL,
  `basicSalary` decimal(10,0) DEFAULT NULL,
  `kjk` decimal(10,0) DEFAULT NULL,
  `tunjanganJabatan` decimal(10,0) DEFAULT NULL,
  `incentive` decimal(10,0) DEFAULT NULL,
  `rapel` decimal(10,0) DEFAULT NULL,
  `adjustment` decimal(10,0) DEFAULT NULL,
  `overtimeAllowance` decimal(10,0) DEFAULT NULL,
  `tax` decimal(10,0) DEFAULT NULL,
  `overtimeFee1` decimal(10,0) DEFAULT NULL,
  `overtimeFee2` decimal(10,0) DEFAULT NULL,
  `tunjanganJht` decimal(10,0) DEFAULT NULL,
  `tunjanganPensiun` decimal(10,0) DEFAULT NULL,
  `tunjanganJkk` decimal(10,0) DEFAULT NULL,
  `tunjanganJkm` decimal(10,0) DEFAULT NULL,
  `tunjanganBpjs` decimal(10,0) DEFAULT NULL,
  `zakat` decimal(10,0) DEFAULT NULL,
  `iuranKoperasi` decimal(10,0) DEFAULT NULL,
  `angsuranKoperasi` decimal(10,0) DEFAULT NULL,
  `pinalti` decimal(10,0) DEFAULT NULL,
  `potonganPinjaman` decimal(10,0) DEFAULT NULL,
  `potonganJht` decimal(10,0) DEFAULT NULL,
  `potonganBpjs` decimal(10,0) DEFAULT NULL,
  `potonganPensiun` decimal(10,0) DEFAULT NULL,
  `adjustmentMinus` decimal(10,0) DEFAULT NULL,
  `potonganAnggota` decimal(10,0) DEFAULT NULL,
  `thr` decimal(10,0) DEFAULT NULL,
  `shu` decimal(10,0) DEFAULT NULL,
  `bonus` decimal(10,0) DEFAULT NULL,
  `kompensasi` decimal(10,0) DEFAULT NULL,
  `pph21` decimal(10,0) DEFAULT NULL,
  `potonganPph21` decimal(10,0) DEFAULT NULL,
  `total` decimal(10,0) DEFAULT NULL,
  `createdAt` datetime NOT NULL,
  `updatedAt` datetime NOT NULL
) ENGINE=InnoDB DEFAULT CHARSET=utf8mb4 COLLATE=utf8mb4_general_ci;

--
-- Dumping data for table `pendapatans`
--

INSERT INTO `pendapatans` (`id`, `uuid`, `tipePendapatanId`, `userId`, `pendapatanAtas`, `periode`, `initialPeriode`, `basicSalary`, `kjk`, `tunjanganJabatan`, `incentive`, `rapel`, `adjustment`, `overtimeAllowance`, `tax`, `overtimeFee1`, `overtimeFee2`, `tunjanganJht`, `tunjanganPensiun`, `tunjanganJkk`, `tunjanganJkm`, `tunjanganBpjs`, `zakat`, `iuranKoperasi`, `angsuranKoperasi`, `pinalti`, `potonganPinjaman`, `potonganJht`, `potonganBpjs`, `potonganPensiun`, `adjustmentMinus`, `potonganAnggota`, `thr`, `shu`, `bonus`, `kompensasi`, `pph21`, `potonganPph21`, `total`, `createdAt`, `updatedAt`) VALUES
(178, '46f1e74e-131b-4f70-97a3-38f7fd07ce42', 1, 1, 'January 2024', '2024-01-01 00:00:00', 'January 2024', 1000000, 1000000, 1000000, 1000000, 1000000, 1000000, 1000000, 1000000, 1000000, 1000000, 1000000, 1000000, 1000000, 1000000, 1000000, 1000000, 1000000, 1000000, 1000000, 1000000, 1000000, 1000000, 1000000, 1000000, 1000000, 1000000, 1000000, 1000000, 1000000, 1000000, 1000000, 1000000, '2024-02-04 16:11:06', '2024-02-04 16:11:06'),
(179, '4d65e648-f649-45b1-8237-182434c35e9b', 1, 1, 'February 2024', '2024-02-01 00:00:00', 'February 2024', 2000000, 2000000, 2000000, 2000000, 2000000, 2000000, 2000000, 2000000, 2000000, 2000000, 2000000, 2000000, 2000000, 2000000, 2000000, 2000000, 2000000, 2000000, 2000000, 2000000, 2000000, 2000000, 2000000, 2000000, 2000000, 2000000, 2000000, 2000000, 2000000, 2000000, 2000000, 2000000, '2024-02-04 16:11:06', '2024-02-04 16:11:06'),
(180, 'dcdedde2-660b-4a11-8ab4-bdd828cd4dd3', 1, 1, 'March 2024', '2024-03-01 00:00:00', 'March 2024', 3000000, 3000000, 3000000, 3000000, 3000000, 3000000, 3000000, 3000000, 3000000, 3000000, 3000000, 3000000, 3000000, 3000000, 3000000, 3000000, 3000000, 3000000, 3000000, 3000000, 3000000, 3000000, 3000000, 3000000, 3000000, 3000000, 3000000, 3000000, 3000000, 3000000, 3000000, 3000000, '2024-02-04 16:11:06', '2024-02-04 16:11:06'),
(181, 'ae7f7a84-e6c6-42ca-8dd3-de3326c28681', 1, 1, 'April 2024', '2024-04-01 00:00:00', 'April 2024', 4000000, 4000000, 4000000, 4000000, 4000000, 4000000, 4000000, 4000000, 4000000, 4000000, 4000000, 4000000, 4000000, 4000000, 4000000, 4000000, 4000000, 4000000, 4000000, 4000000, 4000000, 4000000, 4000000, 4000000, 4000000, 4000000, 4000000, 4000000, 4000000, 4000000, 4000000, 4000000, '2024-02-04 16:11:06', '2024-02-04 16:11:06'),
(182, '3ab588e0-2da0-484a-a961-4236351c6642', 1, 1, 'May 2024', '2024-05-01 00:00:00', 'May 2024', 5000000, 5000000, 5000000, 5000000, 5000000, 5000000, 5000000, 5000000, 5000000, 5000000, 5000000, 5000000, 5000000, 5000000, 5000000, 5000000, 5000000, 5000000, 5000000, 5000000, 5000000, 5000000, 5000000, 5000000, 5000000, 5000000, 5000000, 5000000, 5000000, 5000000, 5000000, 5000000, '2024-02-04 16:11:06', '2024-02-04 16:11:06'),
(183, 'f115ad1a-3155-4a74-acbf-fbeb64aebd60', 1, 1, 'June 2024', '2024-06-01 00:00:00', 'June 2024', 6000000, 6000000, 6000000, 6000000, 6000000, 6000000, 6000000, 6000000, 6000000, 6000000, 6000000, 6000000, 6000000, 6000000, 6000000, 6000000, 6000000, 6000000, 6000000, 6000000, 6000000, 6000000, 6000000, 6000000, 6000000, 6000000, 6000000, 6000000, 6000000, 6000000, 6000000, 6000000, '2024-02-04 16:11:06', '2024-02-04 16:11:06'),
(184, '988947a3-bdf8-47d8-be27-16ff59a0a78e', 1, 1, 'July 2024', '2024-07-01 00:00:00', 'July 2024', 7000000, 7000000, 7000000, 7000000, 7000000, 7000000, 7000000, 7000000, 7000000, 7000000, 7000000, 7000000, 7000000, 7000000, 7000000, 7000000, 7000000, 7000000, 7000000, 7000000, 7000000, 7000000, 7000000, 7000000, 7000000, 7000000, 7000000, 7000000, 7000000, 7000000, 7000000, 7000000, '2024-02-04 16:11:06', '2024-02-04 16:11:06'),
(185, '385cfc64-dd64-404f-a075-8ffd6a190619', 1, 1, 'August 2024', '2024-08-01 00:00:00', 'August 2024', 8000000, 8000000, 8000000, 8000000, 8000000, 8000000, 8000000, 8000000, 8000000, 8000000, 8000000, 8000000, 8000000, 8000000, 8000000, 8000000, 8000000, 8000000, 8000000, 8000000, 8000000, 8000000, 8000000, 8000000, 8000000, 8000000, 8000000, 8000000, 8000000, 8000000, 8000000, 8000000, '2024-02-04 16:11:07', '2024-02-04 16:11:07'),
(186, 'a04fdb6c-1dc3-4f1b-8ef6-3e91707fca03', 1, 1, 'September 2024', '2024-09-01 00:00:00', 'September 2024', 9000000, 9000000, 9000000, 9000000, 9000000, 9000000, 9000000, 9000000, 9000000, 9000000, 9000000, 9000000, 9000000, 9000000, 9000000, 9000000, 9000000, 9000000, 9000000, 9000000, 9000000, 9000000, 9000000, 9000000, 9000000, 9000000, 9000000, 9000000, 9000000, 9000000, 9000000, 9000000, '2024-02-04 16:11:07', '2024-02-04 16:11:07'),
(187, '5b1cfb98-7976-48fd-a042-b2de1a73b926', 1, 1, 'October 2024', '2024-10-01 00:00:00', 'October 2024', 10000000, 10000000, 10000000, 10000000, 10000000, 10000000, 10000000, 10000000, 10000000, 10000000, 10000000, 10000000, 10000000, 10000000, 10000000, 10000000, 10000000, 10000000, 10000000, 10000000, 10000000, 10000000, 10000000, 10000000, 10000000, 10000000, 10000000, 10000000, 10000000, 10000000, 10000000, 10000000, '2024-02-04 16:11:07', '2024-02-04 16:11:07'),
(188, 'f9ba91c2-053f-42e2-8769-350691aa8946', 1, 1, 'November 2024', '2024-11-01 00:00:00', 'November 2024', 11000000, 11000000, 11000000, 11000000, 11000000, 11000000, 11000000, 11000000, 11000000, 11000000, 11000000, 11000000, 11000000, 11000000, 11000000, 11000000, 11000000, 11000000, 11000000, 11000000, 11000000, 11000000, 11000000, 11000000, 11000000, 11000000, 11000000, 11000000, 11000000, 11000000, 11000000, 11000000, '2024-02-04 16:11:07', '2024-02-04 16:11:07'),
(189, '31f8ae54-18cd-4673-bee5-f9eff6799a45', 1, 1, 'December 2024', '2024-02-01 00:00:00', 'February 2024', 12000000, 12000000, 12000000, 12000000, 12000000, 12000000, 12000000, 12000000, 12000000, 12000000, 12000000, 12000000, 12000000, 12000000, 12000000, 12000000, 12000000, 12000000, 12000000, 12000000, 12000000, 12000000, 12000000, 12000000, 12000000, 12000000, 12000000, 12000000, 12000000, 12000000, 12000000, 12000000, '2024-02-04 16:11:07', '2024-02-04 16:11:07'),
(190, '3842a843-3e46-4980-8a7c-3317e523831b', 2, 1, 'SHU 2024', '2024-01-01 00:00:00', 'January 2024', 1000000, 1000000, 1000000, 1000000, 1000000, 1000000, 1000000, 1000000, 1000000, 1000000, 1000000, 1000000, 1000000, 1000000, 1000000, 1000000, 1000000, 1000000, 1000000, 1000000, 1000000, 1000000, 1000000, 1000000, 1000000, 1000000, 1000000, 1000000, 1000000, 1000000, 1000000, 1000000, '2024-02-04 16:14:03', '2024-02-04 16:14:03'),
(191, 'dcd99119-ce57-433f-91f2-324c54088d15', 2, 1, 'Cuti Semester 1 2024', '2024-02-01 00:00:00', 'February 2024', 2000000, 2000000, 2000000, 2000000, 2000000, 2000000, 2000000, 2000000, 2000000, 2000000, 2000000, 2000000, 2000000, 2000000, 2000000, 2000000, 2000000, 2000000, 2000000, 2000000, 2000000, 2000000, 2000000, 2000000, 2000000, 2000000, 2000000, 2000000, 2000000, 2000000, 2000000, 2000000, '2024-02-04 16:14:03', '2024-02-04 16:14:03');

-- --------------------------------------------------------

--
-- Table structure for table `pendidikans`
--

CREATE TABLE `pendidikans` (
  `id` int(11) NOT NULL,
  `uuid` varchar(255) NOT NULL,
  `name` varchar(255) NOT NULL,
  `code` varchar(255) DEFAULT NULL,
  `isActive` tinyint(1) DEFAULT 1,
  `createdAt` datetime NOT NULL,
  `updatedAt` datetime NOT NULL
) ENGINE=InnoDB DEFAULT CHARSET=utf8mb4 COLLATE=utf8mb4_general_ci;

--
-- Dumping data for table `pendidikans`
--

INSERT INTO `pendidikans` (`id`, `uuid`, `name`, `code`, `isActive`, `createdAt`, `updatedAt`) VALUES
(1, 'bb06e5cb-7a05-46d1-ad0f-cb605930dff1', 'SMA', '1', 1, '2023-10-23 12:02:10', '2023-10-23 12:02:10'),
(12, 'a6c1c517-cb08-4da6-a267-55a57f85fb48', 'SD', '2', 1, '2023-11-06 09:35:45', '2023-11-06 09:36:01');

-- --------------------------------------------------------

--
-- Table structure for table `penempatans`
--

CREATE TABLE `penempatans` (
  `id` int(11) NOT NULL,
  `uuid` varchar(255) NOT NULL,
  `name` varchar(255) NOT NULL,
  `code` varchar(255) DEFAULT NULL,
  `isActive` tinyint(1) DEFAULT 1,
  `createdAt` datetime NOT NULL,
  `updatedAt` datetime NOT NULL
) ENGINE=InnoDB DEFAULT CHARSET=utf8mb4 COLLATE=utf8mb4_general_ci;

--
-- Dumping data for table `penempatans`
--

INSERT INTO `penempatans` (`id`, `uuid`, `name`, `code`, `isActive`, `createdAt`, `updatedAt`) VALUES
(1, '002a6941-d4da-4e1d-827f-b27411ccaae3', 'Pertanian', '1', 1, '2023-10-24 04:53:01', '2023-10-31 03:01:22'),
(4, '9c7f7922-eec2-42e3-8709-06b6e52113ce', 'Rukan', '2', 1, '2023-10-31 04:38:50', '2023-10-31 04:38:50');

-- --------------------------------------------------------

--
-- Table structure for table `periode_kerjas`
--

CREATE TABLE `periode_kerjas` (
  `id` int(11) NOT NULL,
  `uuid` varchar(255) NOT NULL,
  `nameBulan` varchar(255) NOT NULL,
  `tanggalMulai` datetime NOT NULL,
  `tanggalSelesai` datetime NOT NULL,
  `jumlahHari` int(11) NOT NULL,
  `code` varchar(255) DEFAULT NULL,
  `isActive` tinyint(1) DEFAULT 1,
  `createdAt` datetime NOT NULL,
  `updatedAt` datetime NOT NULL
) ENGINE=InnoDB DEFAULT CHARSET=utf8mb4 COLLATE=utf8mb4_general_ci;

-- --------------------------------------------------------

--
-- Table structure for table `privileges`
--

CREATE TABLE `privileges` (
  `id` int(11) NOT NULL,
  `uuid` varchar(255) NOT NULL,
  `dashboard` tinyint(1) DEFAULT 0,
  `editUserSub` tinyint(1) DEFAULT 0,
  `absen` tinyint(1) DEFAULT 0,
  `kalendarSub` tinyint(1) DEFAULT 0,
  `pengajuanKoreksiSub` tinyint(1) DEFAULT 0,
  `approvalKoreksiSub` tinyint(1) DEFAULT 0,
  `absenModal` tinyint(1) DEFAULT 0,
  `wfhModal` tinyint(1) DEFAULT 0,
  `shiftModal` tinyint(1) DEFAULT 0,
  `slipGaji` tinyint(1) DEFAULT 0,
  `pendapatanSub` tinyint(1) DEFAULT 0,
  `pendapatanLainSub` tinyint(1) DEFAULT 0,
  `pendapatanAdminSub` tinyint(1) DEFAULT 0,
  `admin` tinyint(1) DEFAULT 0,
  `userSub` tinyint(1) DEFAULT 0,
  `eventSub` tinyint(1) DEFAULT 0,
  `koreksiAdminSub` tinyint(1) DEFAULT 0,
  `perhitunganNilaiSub` tinyint(1) DEFAULT 0,
  `etiket` tinyint(1) DEFAULT 0,
  `pengajuanKendalaSub` tinyint(1) DEFAULT 0,
  `perbaikanKendalaSub` tinyint(1) DEFAULT 0,
  `setting` tinyint(1) DEFAULT 0,
  `isActive` tinyint(1) DEFAULT 1,
  `createdAt` datetime NOT NULL,
  `updatedAt` datetime NOT NULL
) ENGINE=InnoDB DEFAULT CHARSET=utf8mb4 COLLATE=utf8mb4_general_ci;

--
-- Dumping data for table `privileges`
--

INSERT INTO `privileges` (`id`, `uuid`, `dashboard`, `editUserSub`, `absen`, `kalendarSub`, `pengajuanKoreksiSub`, `approvalKoreksiSub`, `absenModal`, `wfhModal`, `shiftModal`, `slipGaji`, `pendapatanSub`, `pendapatanLainSub`, `pendapatanAdminSub`, `admin`, `userSub`, `eventSub`, `koreksiAdminSub`, `perhitunganNilaiSub`, `etiket`, `pengajuanKendalaSub`, `perbaikanKendalaSub`, `setting`, `isActive`, `createdAt`, `updatedAt`) VALUES
(4, 'da9fe1f6-cad2-48a4-a343-f6c04e50d019', 1, 1, 1, 0, 0, 0, 0, 0, 0, 1, 1, 1, 1, 1, 0, 0, 0, 0, 0, 0, 0, 1, 1, '2024-01-27 16:04:45', '2024-01-27 16:26:04'),
(5, 'c8ca0374-3680-4c63-9bc1-ac9346184734', 1, 1, 0, 0, 0, 0, 0, 0, 0, 0, 0, 0, 0, 0, 0, 0, 0, 0, 0, 0, 0, 0, 1, '2024-01-27 16:05:50', '2024-01-27 16:05:50');

-- --------------------------------------------------------

--
-- Table structure for table `sessions`
--

CREATE TABLE `sessions` (
  `sid` varchar(36) NOT NULL,
  `expires` datetime DEFAULT NULL,
  `data` text DEFAULT NULL,
  `createdAt` datetime NOT NULL,
  `updatedAt` datetime NOT NULL
) ENGINE=InnoDB DEFAULT CHARSET=utf8mb4 COLLATE=utf8mb4_general_ci;

--
-- Dumping data for table `sessions`
--

INSERT INTO `sessions` (`sid`, `expires`, `data`, `createdAt`, `updatedAt`) VALUES
('7bqQ3R54coIGexNNajw0tkY0WeQz5TTI', '2024-02-04 16:42:45', '{\"cookie\":{\"originalMaxAge\":3600000,\"expires\":\"2024-02-04T16:42:45.192Z\",\"secure\":false,\"httpOnly\":true,\"path\":\"/\"}}', '2024-02-04 15:42:45', '2024-02-04 15:42:45'),
('Cf7XhDFS2KM78hf4RcKpq2bYmbnLO1Yi', '2024-02-04 16:38:45', '{\"cookie\":{\"originalMaxAge\":3600000,\"expires\":\"2024-02-04T16:38:45.932Z\",\"secure\":false,\"httpOnly\":true,\"path\":\"/\"}}', '2024-02-04 15:38:45', '2024-02-04 15:38:45'),
('cYATb_ywlgcCbz80PVnX6lB8WPQdF-4o', '2024-02-04 17:13:57', '{\"cookie\":{\"originalMaxAge\":3600000,\"expires\":\"2024-02-04T17:13:57.077Z\",\"secure\":false,\"httpOnly\":true,\"path\":\"/\"}}', '2024-02-04 16:13:57', '2024-02-04 16:13:57'),
('DLsdkEJGS7sm-WM1DW4GF7u-dZjoL78-', '2024-02-04 17:11:07', '{\"cookie\":{\"originalMaxAge\":3600000,\"expires\":\"2024-02-04T17:11:07.056Z\",\"secure\":false,\"httpOnly\":true,\"path\":\"/\"}}', '2024-02-04 16:11:07', '2024-02-04 16:11:07'),
('eR8mo2dwVmdFvrDXAmvzcLKMCxwoZLmx', '2024-02-04 17:14:03', '{\"cookie\":{\"originalMaxAge\":3600000,\"expires\":\"2024-02-04T17:14:03.607Z\",\"secure\":false,\"httpOnly\":true,\"path\":\"/\"}}', '2024-02-04 16:14:03', '2024-02-04 16:14:03'),
('iyM3BS_hRzHHk1T10KA_J9e8Wo2Kid5y', '2024-02-04 16:02:15', '{\"cookie\":{\"originalMaxAge\":3600000,\"expires\":\"2024-02-04T15:16:53.571Z\",\"secure\":false,\"httpOnly\":true,\"path\":\"/\"},\"userId\":\"c44ef4a1-b0c8-4675-9080-84906e3379a21\"}', '2024-02-04 13:54:27', '2024-02-04 15:02:15'),
('U6TNkjF2rPGljmIH9DM-BtYofAE9Ypaj', '2024-02-04 17:10:12', '{\"cookie\":{\"originalMaxAge\":3600000,\"expires\":\"2024-02-04T17:10:12.103Z\",\"secure\":false,\"httpOnly\":true,\"path\":\"/\"}}', '2024-02-04 16:10:12', '2024-02-04 16:10:12'),
('USLIE9inh82h5MlcfW5xA--n4FRW-n9Q', '2024-02-04 16:39:43', '{\"cookie\":{\"originalMaxAge\":3600000,\"expires\":\"2024-02-04T16:39:43.988Z\",\"secure\":false,\"httpOnly\":true,\"path\":\"/\"}}', '2024-02-04 15:39:43', '2024-02-04 15:39:43'),
('VbgceLE_AYYbXigut3DEtXXALeyMfA3f', '2024-02-04 17:07:20', '{\"cookie\":{\"originalMaxAge\":3600000,\"expires\":\"2024-02-04T17:07:20.254Z\",\"secure\":false,\"httpOnly\":true,\"path\":\"/\"}}', '2024-02-04 16:07:20', '2024-02-04 16:07:20'),
('zctAswccOuGo8bxg7Es3llKH6P_AzjuW', '2024-02-04 17:14:16', '{\"cookie\":{\"originalMaxAge\":3600000,\"expires\":\"2024-02-04T16:39:44.108Z\",\"secure\":false,\"httpOnly\":true,\"path\":\"/\"},\"userId\":\"c44ef4a1-b0c8-4675-9080-84906e3379a21\"}', '2024-02-04 15:38:45', '2024-02-04 16:14:16');

-- --------------------------------------------------------

--
-- Table structure for table `statuses`
--

CREATE TABLE `statuses` (
  `id` int(11) NOT NULL,
  `uuid` varchar(255) NOT NULL,
  `name` varchar(255) NOT NULL,
  `code` varchar(255) DEFAULT NULL,
  `isActive` tinyint(1) DEFAULT 1,
  `createdAt` datetime NOT NULL,
  `updatedAt` datetime NOT NULL
) ENGINE=InnoDB DEFAULT CHARSET=utf8mb4 COLLATE=utf8mb4_general_ci;

--
-- Dumping data for table `statuses`
--

INSERT INTO `statuses` (`id`, `uuid`, `name`, `code`, `isActive`, `createdAt`, `updatedAt`) VALUES
(1, 'bf128dba-a102-4a03-b2ee-21fac8e2a5e9', 'pendaftaran', '1', 1, '2023-11-06 09:21:13', '2023-11-06 09:21:13'),
(2, '89b583a4-5da4-4e05-a206-88a3525dac64', 'Active', '2', 1, '2023-11-06 09:47:55', '2023-12-19 09:24:52'),
(5, 'b1e12599-886c-4069-8912-ca4caf4dcbc9', 'Non Active', '3', 1, '2023-12-19 09:25:05', '2023-12-19 09:25:05');

-- --------------------------------------------------------

--
-- Table structure for table `status_inouts`
--

CREATE TABLE `status_inouts` (
  `id` int(11) NOT NULL,
  `uuid` varchar(255) NOT NULL,
  `name` varchar(255) NOT NULL,
  `code` varchar(255) DEFAULT NULL,
  `isActive` tinyint(1) DEFAULT 1,
  `createdAt` datetime NOT NULL,
  `updatedAt` datetime NOT NULL
) ENGINE=InnoDB DEFAULT CHARSET=utf8mb4 COLLATE=utf8mb4_general_ci;

--
-- Dumping data for table `status_inouts`
--

INSERT INTO `status_inouts` (`id`, `uuid`, `name`, `code`, `isActive`, `createdAt`, `updatedAt`) VALUES
(1, '73faeeac-bafa-444f-a946-05d6abdb7dd1', 'Normal', '1', 1, '2023-11-09 05:17:37', '2023-11-09 05:30:51'),
(3, 'a1ae0c03-8055-4699-a119-a6fd3583a6b8', 'Pengajuan', '2', 1, '2023-11-09 05:31:13', '2023-11-09 05:31:18');

-- --------------------------------------------------------

--
-- Table structure for table `status_koreksis`
--

CREATE TABLE `status_koreksis` (
  `id` int(11) NOT NULL,
  `uuid` varchar(255) NOT NULL,
  `name` varchar(255) NOT NULL,
  `code` varchar(255) DEFAULT NULL,
  `isActive` tinyint(1) DEFAULT 1,
  `createdAt` datetime NOT NULL,
  `updatedAt` datetime NOT NULL
) ENGINE=InnoDB DEFAULT CHARSET=utf8mb4 COLLATE=utf8mb4_general_ci;

--
-- Dumping data for table `status_koreksis`
--

INSERT INTO `status_koreksis` (`id`, `uuid`, `name`, `code`, `isActive`, `createdAt`, `updatedAt`) VALUES
(1, 'd3472d2b-ec07-46ff-b49a-3dc8f8397aee', 'Pengajuan', '1', 1, '2023-11-07 06:39:30', '2023-11-07 06:44:02'),
(4, 'e7897c35-c29a-43d5-a6ad-612b2ebc6444', 'Approved', '2', 1, '2023-12-06 07:37:53', '2023-12-06 07:37:53'),
(5, '4b46b5da-dd93-41c5-a9e4-fa74fedff18e', 'Not Approved', '3', 1, '2023-12-06 07:38:08', '2023-12-06 07:38:08');

-- --------------------------------------------------------

--
-- Table structure for table `status_perkawinans`
--

CREATE TABLE `status_perkawinans` (
  `id` int(11) NOT NULL,
  `uuid` varchar(255) NOT NULL,
  `name` varchar(255) NOT NULL,
  `code` varchar(255) DEFAULT NULL,
  `isActive` tinyint(1) DEFAULT 1,
  `createdAt` datetime NOT NULL,
  `updatedAt` datetime NOT NULL
) ENGINE=InnoDB DEFAULT CHARSET=utf8mb4 COLLATE=utf8mb4_general_ci;

--
-- Dumping data for table `status_perkawinans`
--

INSERT INTO `status_perkawinans` (`id`, `uuid`, `name`, `code`, `isActive`, `createdAt`, `updatedAt`) VALUES
(2, 'ad4544c9-b14d-4ed3-9b86-261a57931b27', 'Lajang', '1', 1, '2023-11-06 04:14:55', '2023-11-06 09:40:28'),
(3, '92b22284-689c-4359-80dd-309240e2d387', 'Menikah', '2', 1, '2023-11-06 09:26:37', '2023-11-06 09:40:32');

-- --------------------------------------------------------

--
-- Table structure for table `tipe_absens`
--

CREATE TABLE `tipe_absens` (
  `id` int(11) NOT NULL,
  `uuid` varchar(255) NOT NULL,
  `name` varchar(255) NOT NULL,
  `code` varchar(255) DEFAULT NULL,
  `isActive` tinyint(1) DEFAULT 1,
  `createdAt` datetime NOT NULL,
  `updatedAt` datetime NOT NULL
) ENGINE=InnoDB DEFAULT CHARSET=utf8mb4 COLLATE=utf8mb4_general_ci;

--
-- Dumping data for table `tipe_absens`
--

INSERT INTO `tipe_absens` (`id`, `uuid`, `name`, `code`, `isActive`, `createdAt`, `updatedAt`) VALUES
(1, '001cd753-271e-47c6-b7b8-830611a30fa8', 'Masuk', '0', 1, '2023-11-07 05:55:38', '2023-11-21 08:11:29'),
(3, '474451b2-a435-4918-ad44-83dba1c4f592', 'Pulang', '1', 1, '2023-11-21 08:11:52', '2023-11-21 08:11:52'),
(4, '7430dce9-faa7-4c41-b8fa-9f9653f0c05d', 'Shift Masuk', '4', 1, '2023-11-21 09:01:00', '2023-11-21 09:01:00'),
(5, 'c66fce54-7e5c-4f57-8350-6877473fe101', 'Shift Pulang', '5', 1, '2023-11-21 09:01:19', '2023-11-21 09:01:19');

-- --------------------------------------------------------

--
-- Table structure for table `tipe_notifications`
--

CREATE TABLE `tipe_notifications` (
  `id` int(11) NOT NULL,
  `uuid` varchar(255) NOT NULL,
  `name` varchar(255) NOT NULL,
  `code` varchar(255) DEFAULT NULL,
  `isActive` tinyint(1) DEFAULT 1,
  `createdAt` datetime NOT NULL,
  `updatedAt` datetime NOT NULL
) ENGINE=InnoDB DEFAULT CHARSET=utf8mb4 COLLATE=utf8mb4_general_ci;

--
-- Dumping data for table `tipe_notifications`
--

INSERT INTO `tipe_notifications` (`id`, `uuid`, `name`, `code`, `isActive`, `createdAt`, `updatedAt`) VALUES
(1, 'a26e4c6f-b654-4940-a436-104b49649c45', 'popup', '1', 1, '2023-11-07 04:28:29', '2023-11-07 05:42:59'),
(3, '1ee44692-03e6-4521-bb72-fa7c81bfd177', 'show', '2', 1, '2023-11-07 05:42:44', '2023-11-07 05:43:12');

-- --------------------------------------------------------

--
-- Table structure for table `tipe_pendapatans`
--

CREATE TABLE `tipe_pendapatans` (
  `id` int(11) NOT NULL,
  `uuid` varchar(255) NOT NULL,
  `name` varchar(255) NOT NULL,
  `code` varchar(255) DEFAULT NULL,
  `isActive` tinyint(1) DEFAULT 1,
  `createdAt` datetime NOT NULL,
  `updatedAt` datetime NOT NULL
) ENGINE=InnoDB DEFAULT CHARSET=utf8mb4 COLLATE=utf8mb4_general_ci;

--
-- Dumping data for table `tipe_pendapatans`
--

INSERT INTO `tipe_pendapatans` (`id`, `uuid`, `name`, `code`, `isActive`, `createdAt`, `updatedAt`) VALUES
(1, 'b80bc7c7-2b35-426d-a227-619c3b3ab9dc', 'Pendapatan', '1', 1, '2023-11-07 07:05:05', '2023-11-07 07:05:42'),
(2, 'eeffa8bf-1075-4107-8f2c-c3ee83a77be0', 'Pendapatan Lain', '2', 1, '2024-02-04 09:44:31', '2024-02-04 09:44:31');

-- --------------------------------------------------------

--
-- Table structure for table `users`
--

CREATE TABLE `users` (
  `id` int(11) NOT NULL,
  `uuid` varchar(255) NOT NULL,
  `absenId` varchar(255) NOT NULL,
  `nik` varchar(255) DEFAULT NULL,
  `name` varchar(255) NOT NULL,
  `email` varchar(255) NOT NULL,
  `password` varchar(255) NOT NULL,
  `image` varchar(255) DEFAULT NULL,
  `url_image` text DEFAULT NULL,
  `ganderId` int(11) NOT NULL,
  `extention` varchar(255) DEFAULT NULL,
  `nomorHp` varchar(255) DEFAULT NULL,
  `penempatanId` int(11) DEFAULT NULL,
  `jabatanId` int(11) DEFAULT NULL,
  `atasanId` int(11) DEFAULT NULL,
  `nomorKtp` varchar(255) DEFAULT NULL,
  `alamatKtp` text DEFAULT NULL,
  `alamatDomisili` text DEFAULT NULL,
  `tempatLahir` varchar(255) DEFAULT NULL,
  `tanggalLahir` datetime DEFAULT NULL,
  `nomorNpwp` varchar(255) DEFAULT NULL,
  `statusPerkawinanId` int(11) DEFAULT NULL,
  `jumlahAnak` varchar(255) DEFAULT NULL,
  `namaIbu` varchar(255) DEFAULT NULL,
  `pendidikanId` int(11) DEFAULT NULL,
  `namaSekolah` varchar(255) DEFAULT NULL,
  `jurusanSekolah` varchar(255) DEFAULT NULL,
  `tahunLulus` int(11) DEFAULT NULL,
  `ipk` varchar(255) DEFAULT NULL,
  `nomorBpjsKesehatan` varchar(255) DEFAULT NULL,
  `nomorBpjsKetenagakerjaan` varchar(255) DEFAULT NULL,
  `contactEmergencyId` int(11) DEFAULT NULL,
  `emergencyNumber` varchar(255) DEFAULT NULL,
  `emergencyAddress` varchar(255) DEFAULT NULL,
  `nomorSim` varchar(255) DEFAULT NULL,
  `golonganDarahId` int(11) DEFAULT NULL,
  `bankId` int(11) DEFAULT NULL,
  `nomorRekening` varchar(255) DEFAULT NULL,
  `jamOperasionalId` int(11) DEFAULT NULL,
  `groupId` int(11) DEFAULT NULL,
  `quote` varchar(255) DEFAULT NULL,
  `privilegeId` int(11) DEFAULT NULL,
  `statusId` int(11) DEFAULT NULL,
  `isAtasan` tinyint(1) DEFAULT 0,
  `isActive` tinyint(1) DEFAULT 1,
  `createdAt` datetime NOT NULL,
  `updatedAt` datetime NOT NULL
) ENGINE=InnoDB DEFAULT CHARSET=utf8mb4 COLLATE=utf8mb4_general_ci;

--
-- Dumping data for table `users`
--

INSERT INTO `users` (`id`, `uuid`, `absenId`, `nik`, `name`, `email`, `password`, `image`, `url_image`, `ganderId`, `extention`, `nomorHp`, `penempatanId`, `jabatanId`, `atasanId`, `nomorKtp`, `alamatKtp`, `alamatDomisili`, `tempatLahir`, `tanggalLahir`, `nomorNpwp`, `statusPerkawinanId`, `jumlahAnak`, `namaIbu`, `pendidikanId`, `namaSekolah`, `jurusanSekolah`, `tahunLulus`, `ipk`, `nomorBpjsKesehatan`, `nomorBpjsKetenagakerjaan`, `contactEmergencyId`, `emergencyNumber`, `emergencyAddress`, `nomorSim`, `golonganDarahId`, `bankId`, `nomorRekening`, `jamOperasionalId`, `groupId`, `quote`, `privilegeId`, `statusId`, `isAtasan`, `isActive`, `createdAt`, `updatedAt`) VALUES
(1, 'c44ef4a1-b0c8-4675-9080-84906e3379a21', '11017', '20961118', 'Ara Fa Adri', 'ara.fa@kopkarla.co.id', '$argon2id$v=19$m=65536,t=3,p=4$ol5TYXxuxRqJNvgI6C5rXw$oP3lXdSEQ+huL/SMJmoej5LsAP4oPksPCAahmw+t0xw', '5470a08d-afc2-42f5-8bca-c12bcd61aae4.png', '/photos/5470a08d-afc2-42f5-8bca-c12bcd61aae4.png', 1, '1212', '0895359545573', 1, 1, NULL, '11111111111111', 'Jln. Ciputat Raya no. 101, Legoso, Tangerang Selatan', 'Jln. Ciputat Raya no. 101, Legoso, Tangerang Selatan', 'Temanggung', '1996-06-16 00:00:00', '111011011101', 2, '1', 'Yaidatun', 1, '1', 'P. Teknik Informatika dan Komputer', 2019, '3,24', '101000110001111', '101000110001111', 1, '0895359545573', 'Jln. ciputat raya no 11, Legoso Jakarta Selatan', '101000110001111', 1, 2, '111011011101', 1, 1, 'qwqw', 4, 2, 0, 1, '2023-10-27 07:22:44', '2024-01-27 16:16:37'),
(17, 'c44ef4a1-b0c8-4675-9080-84906e3379a23', '11017', '20961118', 'Sukardi', 'sukardi@kopkarla.co.id', '$argon2id$v=19$m=65536,t=3,p=4$ol5TYXxuxRqJNvgI6C5rXw$oP3lXdSEQ+huL/SMJmoej5LsAP4oPksPCAahmw+t0xw', 'e3c92cf2-da0a-499a-8864-6f2f0705b5ec.jpg', '/photos/e3c92cf2-da0a-499a-8864-6f2f0705b5ec.jpg', 1, '1212', '0895359545573', 1, 1, NULL, '11111111111111', 'Jln. Ciputat Raya no. 101, Legoso, Tangerang Selatan', 'Jln. Ciputat Raya no. 101, Legoso, Tangerang Selatan', 'Temanggung', '1996-06-16 00:00:00', '111011011101', 2, '1', 'Yaidatun', 1, '1', 'P. Teknik Informatika dan Komputer', 0, '3,24', '101000110001111', '101000110001111', 1, '0895359545573', 'Jln. ciputat raya no 11, Legoso Jakarta Selatan', '101000110001111', 1, 2, '111011011101', 1, 1, 'qwqw', 5, 1, 0, 1, '2023-10-27 07:22:44', '2024-01-27 16:07:50'),
(18, 'c44ef4a1-b0c8-4675-9080-84906e3379a3a', '11018', '20961119', 'Lukas', 'lukas@kopkarla.co.id', '$argon2id$v=19$m=65536,t=3,p=4$ol5TYXxuxRqJNvgI6C5rXw$oP3lXdSEQ+huL/SMJmoej5LsAP4oPksPCAahmw+t0xw', 'ca423f82-199b-4017-bba4-343582a7bee1.jpg', '/photos/ca423f82-199b-4017-bba4-343582a7bee1.jpg', 1, '1212', '0895359545573', 1, 1, 1, '11111111111111', 'Jln. Ciputat Raya no. 101, Legoso, Tangerang Selatan', 'Jln. Ciputat Raya no. 101, Legoso, Tangerang Selatan', 'Temanggung', '1996-06-16 00:00:00', '111011011101', 2, '1', 'Yaidatun', 1, '1', 'P. Teknik Informatika dan Komputer', 2019, '3,24', '101000110001111', '101000110001111', 1, '0895359545573', 'Jln. ciputat raya no 11, Legoso Jakarta Selatan', '101000110001111', 1, 2, '111011011101', 1, 1, 'qwqw', 0, 2, 0, 1, '2023-10-27 07:22:44', '2024-01-08 09:52:36'),
(19, 'c44ef4a1-b0c8-4675-9080-84906e3379a3s', '11018', '20961119', 'Lukasin', 'lukasin@kopkarla.co.id', '$argon2id$v=19$m=65536,t=3,p=4$ol5TYXxuxRqJNvgI6C5rXw$oP3lXdSEQ+huL/SMJmoej5LsAP4oPksPCAahmw+t0xw', 'e450c536-8ab1-47a3-b892-a7005e1ecd87.jpg', '/photos/e450c536-8ab1-47a3-b892-a7005e1ecd87.jpg', 1, '1212', '0895359545573', 1, 1, 1, '11111111111111', 'Jln. Ciputat Raya no. 101, Legoso, Tangerang Selatan', 'Jln. Ciputat Raya no. 101, Legoso, Tangerang Selatan', 'Temanggung', '1996-06-16 00:00:00', '111011011101', 2, '1', 'Yaidatun', 1, '1', 'P. Teknik Informatika dan Komputer', 2019, '3,24', '101000110001111', '101000110001111', 1, '0895359545573', 'Jln. ciputat raya no 11, Legoso Jakarta Selatan', '101000110001111', 1, 2, '111011011101', 1, 1, 'qwqw', 0, 2, 0, 1, '2023-10-27 07:22:44', '2023-11-19 10:03:36'),
(20, 'c44ef4a1-b0c8-4675-9080-84906e3379a3d', '11018', '20961122', 'lastri', 'lastri@kopkarla.co.id', '$argon2id$v=19$m=65536,t=3,p=4$ol5TYXxuxRqJNvgI6C5rXw$oP3lXdSEQ+huL/SMJmoej5LsAP4oPksPCAahmw+t0xw', 'e450c536-8ab1-47a3-b892-a7005e1ecd87.jpg', '/photos/e450c536-8ab1-47a3-b892-a7005e1ecd87.jpg', 1, '1212', '0895359545573', 1, 1, 1, '11111111111111', 'Jln. Ciputat Raya no. 101, Legoso, Tangerang Selatan', 'Jln. Ciputat Raya no. 101, Legoso, Tangerang Selatan', 'Temanggung', '1996-06-16 00:00:00', '111011011101', 2, '1', 'Yaidatun', 1, '1', 'P. Teknik Informatika dan Komputer', 2019, '', '101000110001111', '101000110001111', 1, '0895359545573', 'Jln. ciputat raya no 11, Legoso Jakarta Selatan', '101000110001111', 1, 2, '111011011101', 1, 1, 'qwqw', 0, 2, 0, 1, '2023-10-27 07:22:44', '2023-11-19 10:03:36'),
(21, 'c44ef4a1-b0c8-4675-9080-84906e3379a3', '11018', '20961128', 'surti', 'surti@kopkarla.co.id', '$argon2id$v=19$m=65536,t=3,p=4$ol5TYXxuxRqJNvgI6C5rXw$oP3lXdSEQ+huL/SMJmoej5LsAP4oPksPCAahmw+t0xw', 'e450c536-8ab1-47a3-b892-a7005e1ecd87.jpg', '/photos/e450c536-8ab1-47a3-b892-a7005e1ecd87.jpg', 1, '1212', '0895359545573', 1, 1, 1, '11111111111111', 'Jln. Ciputat Raya no. 101, Legoso, Tangerang Selatan', 'Jln. Ciputat Raya no. 101, Legoso, Tangerang Selatan', 'Temanggung', '1996-06-16 00:00:00', '111011011101', 2, '1', 'Yaidatun', 1, '1', 'P. Teknik Informatika dan Komputer', 2019, '3,24', '101000110001111', '101000110001111', 1, '0895359545573', 'Jln. ciputat raya no 11, Legoso Jakarta Selatan', '101000110001111', 1, 2, '111011011101', 1, 1, 'qwqw', 0, 2, 0, 1, '2023-10-27 07:22:44', '2023-11-19 10:03:36'),
(22, 'c44ef4a1-b0c8-4675-9080-84906e3379a2', '11017', '20961118', 'rakadi', 'rakadi@kopkarla.co.id', '$argon2id$v=19$m=65536,t=3,p=4$ol5TYXxuxRqJNvgI6C5rXw$oP3lXdSEQ+huL/SMJmoej5LsAP4oPksPCAahmw+t0xw', 'e450c536-8ab1-47a3-b892-a7005e1ecd87.jpg', '/photos/e450c536-8ab1-47a3-b892-a7005e1ecd87.jpg', 1, '1212', '0895359545573', 1, 1, NULL, '11111111111111', 'Jln. Ciputat Raya no. 101, Legoso, Tangerang Selatan', 'Jln. Ciputat Raya no. 101, Legoso, Tangerang Selatan', 'Temanggung', '1996-06-16 00:00:00', '111011011101', 2, '1', 'Yaidatun', 1, '1', 'P. Teknik Informatika dan Komputer', 2019, '3,24', '101000110001111', '101000110001111', 1, '0895359545573', 'Jln. ciputat raya no 11, Legoso Jakarta Selatan', '101000110001111', 1, 2, '111011011101', 1, 1, 'qwqw', 0, 2, 0, 1, '2023-10-27 07:22:44', '2023-11-19 10:03:36'),
(23, 'c44ef4a1-b0c8-4675-9080-84906e3379a2', '11017', '20961118', 'parjo', 'parjo@kopkarla.co.id', '$argon2id$v=19$m=65536,t=3,p=4$ol5TYXxuxRqJNvgI6C5rXw$oP3lXdSEQ+huL/SMJmoej5LsAP4oPksPCAahmw+t0xw', 'e450c536-8ab1-47a3-b892-a7005e1ecd87.jpg', '/photos/e450c536-8ab1-47a3-b892-a7005e1ecd87.jpg', 1, '1212', '0895359545573', 1, 1, NULL, '11111111111111', 'Jln. Ciputat Raya no. 101, Legoso, Tangerang Selatan', 'Jln. Ciputat Raya no. 101, Legoso, Tangerang Selatan', 'Temanggung', '1996-06-16 00:00:00', '111011011101', 2, '1', 'Yaidatun', 1, '1', 'P. Teknik Informatika dan Komputer', 2019, '3,24', '101000110001111', '101000110001111', 1, '0895359545573', 'Jln. ciputat raya no 11, Legoso Jakarta Selatan', '101000110001111', 1, 2, '111011011101', 1, 1, 'qwqw', 0, 2, 0, 1, '2023-10-27 07:22:44', '2023-11-19 10:03:36'),
(24, 'c44ef4a1-b0c8-4675-9080-84906e3379a2', '11017', '20961118', 'lopi', 'lopi@kopkarla.co.id', '$argon2id$v=19$m=65536,t=3,p=4$ol5TYXxuxRqJNvgI6C5rXw$oP3lXdSEQ+huL/SMJmoej5LsAP4oPksPCAahmw+t0xw', 'e450c536-8ab1-47a3-b892-a7005e1ecd87.jpg', '/photos/e450c536-8ab1-47a3-b892-a7005e1ecd87.jpg', 1, '1212', '0895359545573', 1, 1, NULL, '11111111111111', 'Jln. Ciputat Raya no. 101, Legoso, Tangerang Selatan', 'Jln. Ciputat Raya no. 101, Legoso, Tangerang Selatan', 'Temanggung', '1996-06-16 00:00:00', '111011011101', 2, '1', 'Yaidatun', 1, '1', 'P. Teknik Informatika dan Komputer', 2019, '3,24', '101000110001111', '101000110001111', 1, '0895359545573', 'Jln. ciputat raya no 11, Legoso Jakarta Selatan', '101000110001111', 1, 2, '111011011101', 1, 1, 'qwqw', 0, 2, 0, 1, '2023-10-27 07:22:44', '2023-11-19 10:03:36'),
(25, 'c44ef4a1-b0c8-4675-9080-84906e3379a2', '11017', '20961118', 'surtini', 'surtini@kopkarla.co.id', '$argon2id$v=19$m=65536,t=3,p=4$ol5TYXxuxRqJNvgI6C5rXw$oP3lXdSEQ+huL/SMJmoej5LsAP4oPksPCAahmw+t0xw', 'e450c536-8ab1-47a3-b892-a7005e1ecd87.jpg', '/photos/e450c536-8ab1-47a3-b892-a7005e1ecd87.jpg', 1, '1212', '0895359545573', 1, 1, NULL, '11111111111111', 'Jln. Ciputat Raya no. 101, Legoso, Tangerang Selatan', 'Jln. Ciputat Raya no. 101, Legoso, Tangerang Selatan', 'Temanggung', '1996-06-16 00:00:00', '111011011101', 2, '1', 'Yaidatun', 1, '1', 'P. Teknik Informatika dan Komputer', 2019, '3,24', '101000110001111', '101000110001111', 1, '0895359545573', 'Jln. ciputat raya no 11, Legoso Jakarta Selatan', '101000110001111', 1, 2, '111011011101', 1, 1, 'qwqw', 0, 2, 0, 1, '2023-10-27 07:22:44', '2023-11-19 10:03:36');

--
-- Indexes for dumped tables
--

--
-- Indexes for table `banks`
--
ALTER TABLE `banks`
  ADD PRIMARY KEY (`id`);

--
-- Indexes for table `contact_emergencies`
--
ALTER TABLE `contact_emergencies`
  ADD PRIMARY KEY (`id`);

--
-- Indexes for table `ganders`
--
ALTER TABLE `ganders`
  ADD PRIMARY KEY (`id`);

--
-- Indexes for table `golongan_darahs`
--
ALTER TABLE `golongan_darahs`
  ADD PRIMARY KEY (`id`);

--
-- Indexes for table `groups`
--
ALTER TABLE `groups`
  ADD PRIMARY KEY (`id`);

--
-- Indexes for table `history_koreksis`
--
ALTER TABLE `history_koreksis`
  ADD PRIMARY KEY (`id`),
  ADD KEY `koreksiId` (`koreksiId`);

--
-- Indexes for table `in_outs`
--
ALTER TABLE `in_outs`
  ADD PRIMARY KEY (`id`),
  ADD KEY `userId` (`userId`),
  ADD KEY `tipeAbsenId` (`tipeAbsenId`),
  ADD KEY `pelanggaranId` (`pelanggaranId`),
  ADD KEY `statusInoutId` (`statusInoutId`);

--
-- Indexes for table `jabatans`
--
ALTER TABLE `jabatans`
  ADD PRIMARY KEY (`id`);

--
-- Indexes for table `jam_operasionals`
--
ALTER TABLE `jam_operasionals`
  ADD PRIMARY KEY (`id`);

--
-- Indexes for table `koreksis`
--
ALTER TABLE `koreksis`
  ADD PRIMARY KEY (`id`),
  ADD KEY `userId` (`userId`),
  ADD KEY `inOutId` (`inOutId`),
  ADD KEY `statusKoreksiId` (`statusKoreksiId`);

--
-- Indexes for table `notifications`
--
ALTER TABLE `notifications`
  ADD PRIMARY KEY (`id`),
  ADD KEY `userId` (`userId`),
  ADD KEY `tipeNotificationId` (`tipeNotificationId`);

--
-- Indexes for table `pelanggarans`
--
ALTER TABLE `pelanggarans`
  ADD PRIMARY KEY (`id`);

--
-- Indexes for table `pendapatans`
--
ALTER TABLE `pendapatans`
  ADD PRIMARY KEY (`id`),
  ADD KEY `tipePendapatanId` (`tipePendapatanId`),
  ADD KEY `userId` (`userId`);

--
-- Indexes for table `pendidikans`
--
ALTER TABLE `pendidikans`
  ADD PRIMARY KEY (`id`);

--
-- Indexes for table `penempatans`
--
ALTER TABLE `penempatans`
  ADD PRIMARY KEY (`id`);

--
-- Indexes for table `periode_kerjas`
--
ALTER TABLE `periode_kerjas`
  ADD PRIMARY KEY (`id`);

--
-- Indexes for table `privileges`
--
ALTER TABLE `privileges`
  ADD PRIMARY KEY (`id`);

--
-- Indexes for table `sessions`
--
ALTER TABLE `sessions`
  ADD PRIMARY KEY (`sid`);

--
-- Indexes for table `statuses`
--
ALTER TABLE `statuses`
  ADD PRIMARY KEY (`id`);

--
-- Indexes for table `status_inouts`
--
ALTER TABLE `status_inouts`
  ADD PRIMARY KEY (`id`);

--
-- Indexes for table `status_koreksis`
--
ALTER TABLE `status_koreksis`
  ADD PRIMARY KEY (`id`);

--
-- Indexes for table `status_perkawinans`
--
ALTER TABLE `status_perkawinans`
  ADD PRIMARY KEY (`id`);

--
-- Indexes for table `tipe_absens`
--
ALTER TABLE `tipe_absens`
  ADD PRIMARY KEY (`id`);

--
-- Indexes for table `tipe_notifications`
--
ALTER TABLE `tipe_notifications`
  ADD PRIMARY KEY (`id`);

--
-- Indexes for table `tipe_pendapatans`
--
ALTER TABLE `tipe_pendapatans`
  ADD PRIMARY KEY (`id`);

--
-- Indexes for table `users`
--
ALTER TABLE `users`
  ADD PRIMARY KEY (`id`),
  ADD KEY `ganderId` (`ganderId`),
  ADD KEY `penempatanId` (`penempatanId`),
  ADD KEY `jabatanId` (`jabatanId`),
  ADD KEY `atasanId` (`atasanId`),
  ADD KEY `statusPerkawinanId` (`statusPerkawinanId`),
  ADD KEY `pendidikanId` (`pendidikanId`),
  ADD KEY `contactEmergencyId` (`contactEmergencyId`),
  ADD KEY `golonganDarahId` (`golonganDarahId`),
  ADD KEY `bankId` (`bankId`),
  ADD KEY `jamOperasionalId` (`jamOperasionalId`),
  ADD KEY `groupId` (`groupId`),
  ADD KEY `privilegeId` (`privilegeId`),
  ADD KEY `statusId` (`statusId`);

--
-- AUTO_INCREMENT for dumped tables
--

--
-- AUTO_INCREMENT for table `banks`
--
ALTER TABLE `banks`
  MODIFY `id` int(11) NOT NULL AUTO_INCREMENT, AUTO_INCREMENT=3;

--
-- AUTO_INCREMENT for table `contact_emergencies`
--
ALTER TABLE `contact_emergencies`
  MODIFY `id` int(11) NOT NULL AUTO_INCREMENT, AUTO_INCREMENT=3;

--
-- AUTO_INCREMENT for table `ganders`
--
ALTER TABLE `ganders`
  MODIFY `id` int(11) NOT NULL AUTO_INCREMENT, AUTO_INCREMENT=4;

--
-- AUTO_INCREMENT for table `golongan_darahs`
--
ALTER TABLE `golongan_darahs`
  MODIFY `id` int(11) NOT NULL AUTO_INCREMENT, AUTO_INCREMENT=3;

--
-- AUTO_INCREMENT for table `groups`
--
ALTER TABLE `groups`
  MODIFY `id` int(11) NOT NULL AUTO_INCREMENT, AUTO_INCREMENT=3;

--
-- AUTO_INCREMENT for table `history_koreksis`
--
ALTER TABLE `history_koreksis`
  MODIFY `id` int(11) NOT NULL AUTO_INCREMENT;

--
-- AUTO_INCREMENT for table `in_outs`
--
ALTER TABLE `in_outs`
  MODIFY `id` int(11) NOT NULL AUTO_INCREMENT, AUTO_INCREMENT=15930;

--
-- AUTO_INCREMENT for table `jabatans`
--
ALTER TABLE `jabatans`
  MODIFY `id` int(11) NOT NULL AUTO_INCREMENT, AUTO_INCREMENT=4;

--
-- AUTO_INCREMENT for table `jam_operasionals`
--
ALTER TABLE `jam_operasionals`
  MODIFY `id` int(11) NOT NULL AUTO_INCREMENT, AUTO_INCREMENT=5;

--
-- AUTO_INCREMENT for table `koreksis`
--
ALTER TABLE `koreksis`
  MODIFY `id` int(11) NOT NULL AUTO_INCREMENT, AUTO_INCREMENT=24;

--
-- AUTO_INCREMENT for table `notifications`
--
ALTER TABLE `notifications`
  MODIFY `id` int(11) NOT NULL AUTO_INCREMENT;

--
-- AUTO_INCREMENT for table `pelanggarans`
--
ALTER TABLE `pelanggarans`
  MODIFY `id` int(11) NOT NULL AUTO_INCREMENT, AUTO_INCREMENT=4;

--
-- AUTO_INCREMENT for table `pendapatans`
--
ALTER TABLE `pendapatans`
  MODIFY `id` int(11) NOT NULL AUTO_INCREMENT, AUTO_INCREMENT=192;

--
-- AUTO_INCREMENT for table `pendidikans`
--
ALTER TABLE `pendidikans`
  MODIFY `id` int(11) NOT NULL AUTO_INCREMENT, AUTO_INCREMENT=13;

--
-- AUTO_INCREMENT for table `penempatans`
--
ALTER TABLE `penempatans`
  MODIFY `id` int(11) NOT NULL AUTO_INCREMENT, AUTO_INCREMENT=5;

--
-- AUTO_INCREMENT for table `periode_kerjas`
--
ALTER TABLE `periode_kerjas`
  MODIFY `id` int(11) NOT NULL AUTO_INCREMENT;

--
-- AUTO_INCREMENT for table `privileges`
--
ALTER TABLE `privileges`
  MODIFY `id` int(11) NOT NULL AUTO_INCREMENT, AUTO_INCREMENT=6;

--
-- AUTO_INCREMENT for table `statuses`
--
ALTER TABLE `statuses`
  MODIFY `id` int(11) NOT NULL AUTO_INCREMENT, AUTO_INCREMENT=6;

--
-- AUTO_INCREMENT for table `status_inouts`
--
ALTER TABLE `status_inouts`
  MODIFY `id` int(11) NOT NULL AUTO_INCREMENT, AUTO_INCREMENT=4;

--
-- AUTO_INCREMENT for table `status_koreksis`
--
ALTER TABLE `status_koreksis`
  MODIFY `id` int(11) NOT NULL AUTO_INCREMENT, AUTO_INCREMENT=6;

--
-- AUTO_INCREMENT for table `status_perkawinans`
--
ALTER TABLE `status_perkawinans`
  MODIFY `id` int(11) NOT NULL AUTO_INCREMENT, AUTO_INCREMENT=4;

--
-- AUTO_INCREMENT for table `tipe_absens`
--
ALTER TABLE `tipe_absens`
  MODIFY `id` int(11) NOT NULL AUTO_INCREMENT, AUTO_INCREMENT=6;

--
-- AUTO_INCREMENT for table `tipe_notifications`
--
ALTER TABLE `tipe_notifications`
  MODIFY `id` int(11) NOT NULL AUTO_INCREMENT, AUTO_INCREMENT=4;

--
-- AUTO_INCREMENT for table `tipe_pendapatans`
--
ALTER TABLE `tipe_pendapatans`
  MODIFY `id` int(11) NOT NULL AUTO_INCREMENT, AUTO_INCREMENT=4;

--
-- AUTO_INCREMENT for table `users`
--
ALTER TABLE `users`
  MODIFY `id` int(11) NOT NULL AUTO_INCREMENT, AUTO_INCREMENT=27;

--
-- Constraints for dumped tables
--

--
-- Constraints for table `history_koreksis`
--
ALTER TABLE `history_koreksis`
  ADD CONSTRAINT `history_koreksis_ibfk_1` FOREIGN KEY (`koreksiId`) REFERENCES `koreksis` (`id`) ON DELETE CASCADE ON UPDATE CASCADE;

--
-- Constraints for table `in_outs`
--
ALTER TABLE `in_outs`
  ADD CONSTRAINT `in_outs_ibfk_1` FOREIGN KEY (`userId`) REFERENCES `users` (`id`) ON DELETE CASCADE ON UPDATE CASCADE,
  ADD CONSTRAINT `in_outs_ibfk_2` FOREIGN KEY (`tipeAbsenId`) REFERENCES `tipe_absens` (`id`) ON DELETE CASCADE ON UPDATE CASCADE,
  ADD CONSTRAINT `in_outs_ibfk_3` FOREIGN KEY (`pelanggaranId`) REFERENCES `pelanggarans` (`id`) ON DELETE CASCADE ON UPDATE CASCADE,
  ADD CONSTRAINT `in_outs_ibfk_4` FOREIGN KEY (`statusInoutId`) REFERENCES `status_inouts` (`id`) ON DELETE CASCADE ON UPDATE CASCADE;

--
-- Constraints for table `koreksis`
--
ALTER TABLE `koreksis`
  ADD CONSTRAINT `koreksis_ibfk_1` FOREIGN KEY (`userId`) REFERENCES `users` (`id`) ON DELETE CASCADE ON UPDATE CASCADE,
  ADD CONSTRAINT `koreksis_ibfk_2` FOREIGN KEY (`inOutId`) REFERENCES `in_outs` (`id`) ON DELETE CASCADE ON UPDATE CASCADE,
  ADD CONSTRAINT `koreksis_ibfk_3` FOREIGN KEY (`statusKoreksiId`) REFERENCES `status_koreksis` (`id`) ON DELETE CASCADE ON UPDATE CASCADE;

--
-- Constraints for table `notifications`
--
ALTER TABLE `notifications`
  ADD CONSTRAINT `notifications_ibfk_1` FOREIGN KEY (`userId`) REFERENCES `users` (`id`) ON DELETE CASCADE ON UPDATE CASCADE,
  ADD CONSTRAINT `notifications_ibfk_2` FOREIGN KEY (`tipeNotificationId`) REFERENCES `tipe_notifications` (`id`) ON DELETE CASCADE ON UPDATE CASCADE;

--
-- Constraints for table `pendapatans`
--
ALTER TABLE `pendapatans`
  ADD CONSTRAINT `pendapatans_ibfk_1` FOREIGN KEY (`tipePendapatanId`) REFERENCES `tipe_pendapatans` (`id`) ON DELETE CASCADE ON UPDATE CASCADE,
  ADD CONSTRAINT `pendapatans_ibfk_2` FOREIGN KEY (`userId`) REFERENCES `users` (`id`) ON DELETE CASCADE ON UPDATE CASCADE;

--
-- Constraints for table `users`
--
ALTER TABLE `users`
  ADD CONSTRAINT `users_ibfk_1` FOREIGN KEY (`ganderId`) REFERENCES `ganders` (`id`) ON DELETE CASCADE ON UPDATE CASCADE,
  ADD CONSTRAINT `users_ibfk_10` FOREIGN KEY (`jamOperasionalId`) REFERENCES `jam_operasionals` (`id`) ON DELETE SET NULL ON UPDATE CASCADE,
  ADD CONSTRAINT `users_ibfk_11` FOREIGN KEY (`groupId`) REFERENCES `groups` (`id`) ON DELETE SET NULL ON UPDATE CASCADE,
  ADD CONSTRAINT `users_ibfk_12` FOREIGN KEY (`privilegeId`) REFERENCES `privileges` (`id`) ON DELETE SET NULL ON UPDATE CASCADE,
  ADD CONSTRAINT `users_ibfk_13` FOREIGN KEY (`statusId`) REFERENCES `statuses` (`id`) ON DELETE SET NULL ON UPDATE CASCADE,
  ADD CONSTRAINT `users_ibfk_2` FOREIGN KEY (`penempatanId`) REFERENCES `penempatans` (`id`) ON DELETE SET NULL ON UPDATE CASCADE,
  ADD CONSTRAINT `users_ibfk_3` FOREIGN KEY (`jabatanId`) REFERENCES `jabatans` (`id`) ON DELETE SET NULL ON UPDATE CASCADE,
  ADD CONSTRAINT `users_ibfk_4` FOREIGN KEY (`atasanId`) REFERENCES `users` (`id`) ON DELETE SET NULL ON UPDATE CASCADE,
  ADD CONSTRAINT `users_ibfk_5` FOREIGN KEY (`statusPerkawinanId`) REFERENCES `status_perkawinans` (`id`) ON DELETE SET NULL ON UPDATE CASCADE,
  ADD CONSTRAINT `users_ibfk_6` FOREIGN KEY (`pendidikanId`) REFERENCES `pendidikans` (`id`) ON DELETE SET NULL ON UPDATE CASCADE,
  ADD CONSTRAINT `users_ibfk_7` FOREIGN KEY (`contactEmergencyId`) REFERENCES `contact_emergencies` (`id`) ON DELETE SET NULL ON UPDATE CASCADE,
  ADD CONSTRAINT `users_ibfk_8` FOREIGN KEY (`golonganDarahId`) REFERENCES `golongan_darahs` (`id`) ON DELETE SET NULL ON UPDATE CASCADE,
  ADD CONSTRAINT `users_ibfk_9` FOREIGN KEY (`bankId`) REFERENCES `banks` (`id`) ON DELETE SET NULL ON UPDATE CASCADE;
COMMIT;

/*!40101 SET CHARACTER_SET_CLIENT=@OLD_CHARACTER_SET_CLIENT */;
/*!40101 SET CHARACTER_SET_RESULTS=@OLD_CHARACTER_SET_RESULTS */;
/*!40101 SET COLLATION_CONNECTION=@OLD_COLLATION_CONNECTION */;
